Snow Goose	0.0	0.0	0.0	0.0044444	0.0	0.0	0.0	0.0	0.0	0.0	0.0	0.0	0.0	0.0	0.0	0.0	0.0	0.0	0.0	0.0	0.0	0.0	0.0	0.0	0.0	0.0	0.0	0.0	0.0	0.0	0.0	0.0	0.0	0.0	0.0	0.0	0.0	0.0	0.0	0.0	0.0	0.0	0.0	0.0	0.0	0.0	0.0	0.0	
Brant	0.5771429	0.7322404	0.6428571	0.6755556	0.6180556	0.7152778	0.7238806	0.8046875	0.6666667	0.7522124	0.752381	0.7772277	0.8394161	0.813253	0.875	0.8619048	0.7619048	0.7563452	0.5406699	0.0957447	0.0091743	0.012987	0.0	0.0093458	0.0	0.0	0.0131579	0.0091743	0.0	0.0	0.0	0.0	0.006993	0.0	0.0	0.0	0.0	0.005618	0.009901	0.1478261	0.2576687	0.3129252	0.3644068	0.2929936	0.2264151	0.3185841	0.3469388	0.5639098	
Canada Goose	0.5885714	0.6338798	0.5892857	0.5155556	0.625	0.625	0.5149254	0.59375	0.6380952	0.5309735	0.6	0.5742574	0.4744526	0.4518072	0.46875	0.4904762	0.4380952	0.4720812	0.4545455	0.4946809	0.4678899	0.4285714	0.4691358	0.3457944	0.4782609	0.6666667	0.7105263	0.5504587	0.5211268	0.5428571	0.5053763	0.4670659	0.5314685	0.4375	0.4726368	0.437751	0.3850267	0.4325843	0.509901	0.4869565	0.4969325	0.4081633	0.6101695	0.5732484	0.5283019	0.5575221	0.4897959	0.5864662	
Mute Swan	0.0	0.0	0.0	0.0044444	0.0	0.0	0.0	0.0	0.0	0.0	0.0	0.0	0.0	0.0	0.0	0.0	0.0047619	0.0	0.0	0.0	0.0	0.0	0.0	0.0	0.0	0.0246914	0.0131579	0.0	0.0	0.0	0.0215054	0.005988	0.0	0.0	0.0049751	0.0	0.0053476	0.011236	0.0	0.0043478	0.0	0.0	0.0	0.0	0.0	0.0	0.0	0.0	
Tundra Swan	0.0	0.0	0.0	0.0	0.0	0.0	0.0	0.0	0.0	0.0	0.0	0.0	0.0	0.0	0.0	0.0	0.0	0.0	0.0	0.0	0.0	0.0	0.0	0.0	0.0	0.0	0.0	0.0	0.0	0.0	0.0	0.0	0.0	0.0	0.0	0.0	0.0	0.0	0.0049505	0.0	0.0	0.0	0.0	0.0	0.0	0.0	0.0	0.0	
goose sp.	0.0057143	0.0054645	0.0	0.0	0.0069444	0.0	0.0	0.0	0.0	0.0088496	0.0	0.0	0.0	0.0	0.0	0.0	0.0	0.0	0.0	0.0	0.0091743	0.0	0.0	0.0	0.0	0.0	0.0	0.0	0.0	0.0	0.0	0.0	0.0	0.00625	0.0	0.0	0.0	0.0	0.0	0.0	0.0	0.0	0.0	0.0	0.009434	0.0	0.0	0.0	
Wood Duck	0.0	0.0	0.0	0.0	0.0	0.0	0.0298507	0.0	0.0	0.0	0.0	0.0049505	0.0	0.0	0.0	0.0	0.0	0.0	0.0	0.0	0.0	0.0	0.0	0.0	0.0	0.0	0.0	0.0	0.0	0.0	0.0	0.0	0.0	0.00625	0.0099502	0.0040161	0.0	0.0	0.0049505	0.0043478	0.0	0.0	0.0	0.0	0.0	0.0	0.0	0.0	
Northern Shoveler	0.0	0.0273224	0.0119048	0.0133333	0.0069444	0.0138889	0.0	0.0	0.0	0.0	0.0	0.0	0.0	0.0	0.0	0.0	0.0	0.0	0.0	0.0	0.0	0.0	0.0	0.0	0.0	0.0	0.0	0.0	0.0	0.0	0.0	0.0	0.0	0.0	0.0049751	0.0	0.0	0.0	0.0	0.0	0.0	0.0	0.0	0.0	0.0	0.0	0.0	0.0	
Gadwall	0.72	0.7540984	0.797619	0.8533333	0.8680556	0.7708333	0.8283582	0.7578125	0.7904762	0.6902655	0.647619	0.549505	0.4963504	0.3915663	0.29375	0.1952381	0.1	0.106599	0.076555	0.1170213	0.1559633	0.1168831	0.1728395	0.0186916	0.057971	0.0493827	0.0526316	0.0458716	0.0422535	0.0285714	0.0107527	0.0	0.027972	0.0125	0.0447761	0.0080321	0.0213904	0.0449438	0.0643564	0.073913	0.1472393	0.1632653	0.3474576	0.4267516	0.5660377	0.6017699	0.6938776	0.6917293	
American Wigeon	0.0	0.0	0.0	0.0088889	0.0208333	0.0	0.0	0.0078125	0.0	0.0	0.0	0.0	0.0	0.0060241	0.0	0.0	0.0	0.0	0.0	0.0	0.0	0.0	0.0	0.0	0.0	0.0	0.0	0.0	0.0	0.0	0.0	0.0	0.0	0.0	0.0	0.0	0.0	0.0	0.0	0.0	0.0	0.0	0.0	0.0	0.0	0.0	0.0	0.0	
Mallard	0.7885714	0.8306011	0.8392857	0.7644444	0.7986111	0.7569444	0.8208955	0.7734375	0.752381	0.7433628	0.7619048	0.7079208	0.7445255	0.6807229	0.74375	0.7333333	0.6619048	0.6192893	0.6794258	0.6117021	0.6146789	0.4805195	0.691358	0.6074766	0.7101449	0.6296296	0.6842105	0.5963303	0.4788732	0.5857143	0.516129	0.5508982	0.5314685	0.45	0.4477612	0.5461847	0.5347594	0.494382	0.490099	0.4956522	0.5766871	0.6258503	0.7542373	0.6815287	0.7075472	0.7876106	0.7959184	0.8571429	
American Black Duck	0.6971429	0.7377049	0.797619	0.7688889	0.7638889	0.6736111	0.7835821	0.859375	0.7904762	0.7433628	0.7047619	0.6980198	0.7007299	0.5361446	0.5875	0.5761905	0.4095238	0.4974619	0.3732057	0.3829787	0.4495413	0.4675325	0.617284	0.4579439	0.4492754	0.4691358	0.6184211	0.5779817	0.5352113	0.6285714	0.5376344	0.4850299	0.5244755	0.55625	0.5472637	0.4176707	0.4705882	0.4606742	0.460396	0.5130435	0.6380368	0.6054422	0.6864407	0.7197452	0.6603774	0.7079646	0.7040816	0.7293233	
Mallard x American Black Duck (hybrid)	0.0114286	0.0382514	0.0416667	0.0177778	0.0015	0.0208333	0.0149254	0.046875	0.0	0.0265487	0.047619	0.0346535	0.0364964	0.0120482	0.0125	0.0238095	0.0190476	0.0203046	0.0143541	0.0053191	0.0458716	0.025974	0.0246914	0.0093458	0.0144928	0.0123457	0.0131579	0.0366972	0.028169	0.0	0.0215054	0.005988	0.020979	0.0	0.0099502	0.0120482	0.0160428	0.011236	0.0049505	0.0043478	0.0184049	0.0068027	0.0254237	0.0127389	0.0	0.0353982	0.0408163	0.0300752	
Mallard/American Black Duck	0.0228571	0.0054645	0.0357143	0.0222222	0.0	0.0015	0.0	0.015625	0.0	0.0176991	0.0190476	0.0148515	0.0218978	0.0120482	0.0125	0.0047619	0.0142857	0.0	0.0095694	0.0	0.0	0.0	0.0246914	0.0	0.0144928	0.0246914	0.0526316	0.0275229	0.056338	0.0428571	0.0215054	0.011976	0.034965	0.025	0.0199005	0.0040161	0.0053476	0.011236	0.0049505	0.0043478	0.0245399	0.0068027	0.0084746	0.0191083	0.0	0.0176991	0.0102041	0.0150376	
Anas sp.	0.0	0.0	0.0	0.0	0.0	0.0	0.0	0.0	0.0	0.0	0.0	0.0	0.0	0.0	0.0	0.0	0.0	0.0	0.0	0.0	0.0	0.0	0.0123457	0.0	0.0	0.0	0.0	0.0	0.0	0.0	0.0	0.0	0.0	0.0	0.0	0.0	0.0	0.0	0.0	0.0	0.0	0.0	0.0	0.0	0.0	0.0	0.0	0.0	
dabbling duck sp.	0.0114286	0.0163934	0.0119048	0.0044444	0.0138889	0.0	0.0	0.0	0.0	0.0088496	0.0190476	0.0049505	0.0	0.0	0.0	0.0	0.0	0.0	0.0047847	0.0	0.0	0.0	0.0	0.0	0.0	0.0	0.0	0.0091743	0.0	0.0	0.0	0.0	0.0	0.0	0.0	0.0040161	0.0	0.0	0.0	0.0	0.006135	0.0	0.0	0.0	0.0	0.0	0.0	0.0075188	
Canvasback	0.0	0.0218579	0.0238095	0.04	0.0486111	0.0347222	0.0522388	0.0234375	0.0095238	0.0	0.0	0.0	0.0	0.0	0.0	0.0	0.0	0.0	0.0	0.0	0.0	0.0	0.0	0.0	0.0	0.0	0.0	0.0	0.0	0.0	0.0	0.0	0.0	0.0	0.0	0.0	0.0	0.0	0.0	0.0	0.0	0.0	0.0	0.0	0.0	0.0	0.0	0.0	
Redhead	0.0	0.0	0.0	0.0044444	0.0347222	0.0	0.0	0.0	0.0	0.0	0.0	0.0	0.0	0.0	0.0	0.0	0.0	0.0	0.0	0.0	0.0	0.0	0.0	0.0	0.0	0.0	0.0	0.0	0.0	0.0	0.0	0.0	0.0	0.0	0.0	0.0	0.0	0.0	0.0	0.0	0.0	0.0	0.0	0.0	0.0	0.0	0.0	0.0	
Ring-necked Duck	0.0	0.0	0.0	0.0	0.0	0.0	0.0	0.0	0.0	0.0	0.0	0.0	0.0	0.0	0.0	0.0	0.0	0.0	0.0	0.0	0.0	0.0	0.0	0.0	0.0	0.0	0.0	0.0	0.0	0.0	0.0	0.0	0.0	0.0	0.0	0.0	0.0	0.0	0.0	0.0	0.0	0.0136054	0.0	0.0	0.0	0.0	0.0	0.0	
Greater Scaup	0.0	0.0054645	0.0059524	0.0	0.0	0.0069444	0.0	0.0	0.0	0.0	0.0	0.0	0.0	0.0	0.1	0.0428571	0.0	0.0	0.0	0.0	0.0091743	0.0	0.0	0.0	0.0144928	0.0	0.0	0.0	0.0	0.0	0.0	0.0	0.0	0.0	0.0	0.0	0.0	0.0	0.0	0.0	0.0	0.0	0.0	0.0	0.0	0.0	0.0	0.0	
Lesser Scaup	0.0	0.0	0.0	0.0	0.0	0.0069444	0.0	0.0	0.0	0.0	0.0	0.0	0.0	0.0	0.0	0.0	0.0	0.0	0.0	0.0	0.0	0.0	0.0	0.0	0.0	0.0	0.0	0.0	0.0	0.0	0.0	0.0	0.0	0.0	0.0	0.0	0.0	0.0	0.0	0.0	0.0	0.0	0.0	0.0	0.0	0.0	0.0	0.0	
Greater/Lesser Scaup	0.0	0.0	0.0059524	0.0	0.0	0.0	0.0	0.0	0.0	0.0	0.0	0.0	0.0072993	0.0	0.0	0.0	0.0	0.0	0.0	0.0	0.0	0.0	0.0	0.0	0.0	0.0	0.0	0.0	0.0	0.0	0.0	0.0	0.0	0.0	0.0	0.0	0.0	0.0	0.0	0.0	0.0	0.0	0.0	0.0	0.0	0.0	0.0	0.0	
Black Scoter	0.0	0.0	0.0	0.0	0.0	0.0	0.0	0.0	0.0	0.0	0.0	0.0	0.0	0.0	0.0	0.0	0.0	0.0	0.0	0.0	0.0	0.0	0.0	0.0	0.0	0.0	0.0	0.0	0.0	0.0	0.0	0.0	0.0	0.0	0.0	0.0	0.0	0.0	0.0	0.0	0.0	0.0	0.0	0.0	0.009434	0.0	0.0	0.0	
Long-tailed Duck	0.0	0.0	0.0	0.0	0.0208333	0.0138889	0.0298507	0.0	0.0	0.0	0.0	0.0	0.0	0.0	0.0	0.0	0.0	0.0	0.0	0.0	0.0	0.0	0.0	0.0	0.0	0.0	0.0	0.0	0.0	0.0	0.0	0.0	0.0	0.0	0.0	0.0	0.0	0.0	0.0	0.0	0.0	0.0	0.0	0.0	0.0	0.0	0.0	0.0	
Bufflehead	0.2514286	0.3551913	0.4285714	0.5555556	0.5972222	0.5694444	0.5746269	0.6171875	0.5428571	0.5486726	0.4285714	0.2277228	0.1021898	0.1746988	0.075	0.0380952	0.0	0.0	0.0047847	0.0	0.0	0.0	0.0	0.0	0.0	0.0	0.0	0.0	0.0	0.0	0.0	0.0	0.0	0.0	0.0	0.0	0.0	0.0	0.0	0.0	0.0	0.0068027	0.0508475	0.0636943	0.0566038	0.079646	0.1632653	0.2030075	
Common Goldeneye	0.0	0.0382514	0.0357143	0.0177778	0.0833333	0.0902778	0.0746269	0.0234375	0.0	0.0	0.0	0.0	0.0	0.0	0.0	0.0	0.0	0.0	0.0	0.0	0.0	0.0	0.0	0.0	0.0	0.0	0.0	0.0	0.0	0.0	0.0	0.0	0.0	0.0	0.0	0.0	0.0	0.0	0.0	0.0	0.0	0.0	0.0	0.0	0.0	0.0	0.0	0.0	
Hooded Merganser	0.0	0.0	0.0	0.0	0.0069444	0.0	0.0	0.0	0.0095238	0.0	0.0	0.0	0.0	0.0	0.0	0.0	0.0	0.0	0.0	0.0	0.0	0.0	0.0	0.0	0.0	0.0	0.0	0.0	0.0	0.0	0.0	0.0	0.0	0.0	0.0	0.0	0.0	0.0	0.0	0.0	0.0	0.0	0.0	0.0	0.0	0.0	0.0	0.0	
Red-breasted Merganser	0.04	0.0655738	0.1369048	0.1511111	0.1597222	0.2152778	0.238806	0.15625	0.2190476	0.2389381	0.0952381	0.039604	0.0218978	0.0783133	0.03125	0.0095238	0.0047619	0.0	0.0	0.0	0.0	0.0	0.0	0.0	0.0	0.0	0.0	0.0	0.0	0.0	0.0	0.0	0.0	0.0	0.0	0.0	0.0	0.0	0.0	0.0	0.0	0.0	0.0	0.0	0.0	0.0	0.0204082	0.0300752	
Common/Red-breasted Merganser	0.0	0.0	0.0	0.0	0.0	0.0	0.0	0.0	0.0095238	0.0	0.0	0.0049505	0.0	0.0	0.0	0.0	0.0	0.0	0.0	0.0	0.0	0.0	0.0	0.0	0.0	0.0	0.0	0.0	0.0	0.0	0.0	0.0	0.0	0.0	0.0	0.0	0.0	0.0	0.0	0.0	0.0	0.0	0.0	0.0	0.0	0.0	0.0	0.0	
Ruddy Duck	0.0	0.0054645	0.0178571	0.0577778	0.0763889	0.0138889	0.0298507	0.015625	0.0285714	0.0088496	0.0	0.0049505	0.0072993	0.0	0.0	0.0	0.0	0.0	0.0	0.0	0.0	0.0	0.0	0.0	0.0	0.0	0.0	0.0	0.0	0.0	0.0	0.0	0.0	0.0	0.0	0.0	0.0	0.0	0.009901	0.0	0.0	0.0	0.0	0.0	0.0	0.0	0.0204082	0.0	
duck sp.	0.0	0.010929	0.0059524	0.0088889	0.0138889	0.0069444	0.0	0.0	0.0	0.0088496	0.0	0.0	0.0072993	0.0060241	0.0	0.0	0.0	0.0	0.0	0.0	0.0	0.0	0.0123457	0.0093458	0.0	0.0246914	0.0	0.0	0.0	0.0	0.0	0.0	0.0	0.0	0.0049751	0.0	0.0053476	0.0	0.0	0.0	0.0	0.0	0.0	0.0063694	0.0	0.0088496	0.0	0.0075188	
Pied-billed Grebe	0.0	0.0	0.0	0.0	0.0	0.0	0.0	0.0	0.0	0.0	0.0	0.0	0.0	0.0060241	0.0	0.0	0.0	0.0	0.0	0.0	0.0	0.0	0.0	0.0	0.0	0.0	0.0	0.0	0.0	0.0	0.0	0.0	0.0	0.0	0.0	0.0	0.0	0.0	0.0	0.0043478	0.0	0.0	0.0	0.0	0.0	0.0	0.0	0.0	
Red-necked Grebe	0.0	0.0	0.0	0.0	0.0	0.0	0.0	0.046875	0.0666667	0.0265487	0.0015	0.0049505	0.0	0.0120482	0.00625	0.0015	0.0	0.0	0.0	0.0	0.0	0.0	0.0	0.0	0.0	0.0	0.0	0.0	0.0	0.0	0.0	0.0	0.0	0.0	0.0	0.0	0.0	0.0	0.0	0.0	0.0	0.0	0.0	0.0	0.0	0.0	0.0	0.0	
Rock Pigeon	0.6457143	0.6120219	0.577381	0.5688889	0.6458333	0.75	0.7462687	0.671875	0.7333333	0.7522124	0.847619	0.8267327	0.8759124	0.8554217	0.85625	0.8666667	0.8714286	0.8832487	0.8899522	0.8882979	0.8440367	0.8831169	0.8765432	0.8411215	0.9130435	0.8765432	0.8947368	0.853211	0.8732394	0.9	0.9247312	0.8622754	0.8671329	0.9	0.8258706	0.8473896	0.802139	0.8258427	0.7871287	0.8217391	0.7668712	0.7687075	0.7457627	0.7133758	0.7924528	0.7699115	0.7142857	0.7293233	
Columba sp.	0.0	0.0	0.0	0.0	0.0	0.0	0.0	0.0	0.0	0.0	0.0	0.0049505	0.0	0.0	0.0	0.0	0.0	0.0	0.0	0.0	0.0	0.0	0.0	0.0	0.0	0.0	0.0	0.0	0.0	0.0	0.0	0.0	0.0	0.0	0.0	0.0	0.0	0.0	0.0	0.0	0.0	0.0	0.0	0.0	0.0	0.0	0.0	0.0	
Mourning Dove	0.4457143	0.4644809	0.3809524	0.4488889	0.3819444	0.5277778	0.4925373	0.4765625	0.5333333	0.5132743	0.7142857	0.7227723	0.7080292	0.7048193	0.73125	0.7857143	0.7571429	0.7614213	0.7751196	0.8085106	0.8165138	0.8051948	0.7901235	0.7943925	0.7681159	0.7777778	0.8157895	0.7522936	0.8309859	0.8571429	0.8709677	0.7964072	0.7482517	0.725	0.7810945	0.7309237	0.6149733	0.6292135	0.6188119	0.6434783	0.6319018	0.5714286	0.5508475	0.5541401	0.5660377	0.6017699	0.5510204	0.593985	
Yellow-billed Cuckoo	0.0	0.0	0.0	0.0	0.0	0.0	0.0	0.0	0.0	0.0	0.0	0.0	0.0	0.0	0.0	0.0	0.0	0.0203046	0.0047847	0.0053191	0.0	0.0	0.0	0.0	0.0	0.0	0.0	0.0	0.0	0.0	0.0	0.005988	0.006993	0.01875	0.0298507	0.0321285	0.0641711	0.011236	0.0049505	0.0	0.0	0.0	0.0	0.0	0.0	0.0	0.0	0.0	
Black-billed Cuckoo	0.0	0.0	0.0	0.0	0.0	0.0	0.0	0.0	0.0	0.0	0.0	0.0	0.0	0.0	0.0	0.0	0.0047619	0.0050761	0.0143541	0.0	0.0	0.0	0.0	0.0	0.0	0.0	0.0	0.0	0.0	0.0	0.0107527	0.011976	0.0	0.0	0.0	0.0	0.0053476	0.0	0.0	0.0	0.0	0.0	0.0	0.0	0.0	0.0	0.0	0.0	
Yellow-billed/Black-billed Cuckoo	0.0	0.0	0.0	0.0	0.0	0.0	0.0	0.0	0.0	0.0	0.0	0.0	0.0	0.0	0.0	0.0	0.0047619	0.0	0.0	0.0	0.0	0.0	0.0	0.0	0.0	0.0	0.0	0.0	0.0	0.0	0.0	0.0	0.0	0.0	0.0	0.0	0.0	0.005618	0.0	0.0	0.0	0.0	0.0	0.0	0.0	0.0	0.0	0.0	
Common Nighthawk	0.0	0.0	0.0	0.0	0.0	0.0	0.0	0.0	0.0	0.0	0.0	0.0	0.0	0.0	0.0	0.0	0.0	0.0	0.0047847	0.0	0.0	0.0	0.0	0.0	0.0	0.0	0.0	0.0	0.0	0.0	0.0	0.0	0.0	0.0015	0.0	0.0080321	0.0	0.0	0.0	0.0	0.0	0.0	0.0	0.0	0.0	0.0	0.0	0.0	
Chuck-will's-widow	0.0	0.0	0.0	0.0	0.0	0.0	0.0	0.0	0.0	0.0	0.0	0.0	0.0	0.0	0.0	0.0	0.0	0.035533	0.0	0.0	0.0	0.0	0.0	0.0	0.0	0.0	0.0	0.0	0.0	0.0	0.0	0.0	0.0	0.0	0.0	0.0	0.0	0.0	0.0	0.0	0.0	0.0	0.0	0.0	0.0	0.0	0.0	0.0	
Chimney Swift	0.0	0.0	0.0	0.0	0.0	0.0	0.0	0.0	0.0	0.0	0.0	0.0	0.0	0.0	0.0	0.0380952	0.1428571	0.2436548	0.4162679	0.3989362	0.4954128	0.4025974	0.2839506	0.317757	0.3768116	0.1234568	0.2105263	0.2293578	0.2253521	0.2	0.0537634	0.0419162	0.006993	0.0	0.0049751	0.0160643	0.0106952	0.0	0.0	0.0	0.0	0.0	0.0	0.0	0.0	0.0	0.0	0.0	
Ruby-throated Hummingbird	0.0	0.0	0.0	0.0	0.0	0.0	0.0	0.0	0.0	0.0	0.0	0.0	0.0	0.0	0.0	0.0	0.0095238	0.0101523	0.0287081	0.0	0.0	0.0	0.0123457	0.0	0.0	0.0	0.0	0.0	0.0	0.0142857	0.0215054	0.0299401	0.048951	0.04375	0.0995025	0.0843373	0.0374332	0.0	0.0049505	0.0	0.0	0.0	0.0	0.0	0.0	0.0	0.0	0.0	
hummingbird sp.	0.0	0.0	0.0	0.0	0.0	0.0	0.0	0.0	0.0	0.0	0.0	0.0	0.0	0.0	0.0	0.0	0.0	0.0	0.0	0.0	0.0	0.0	0.0	0.0	0.0	0.0	0.0	0.0	0.0	0.0	0.0	0.0	0.0	0.0	0.0	0.0	0.0053476	0.0	0.0	0.0	0.0	0.0	0.0	0.0	0.0	0.0	0.0	0.0	
Virginia Rail	0.0	0.0	0.0	0.0	0.0	0.0	0.0	0.0	0.0	0.0	0.0	0.0	0.0	0.0	0.00625	0.0	0.0	0.0	0.0	0.0	0.0	0.0	0.0	0.0	0.0	0.0	0.0	0.0	0.0	0.0	0.0	0.0	0.0	0.0	0.0	0.0	0.0	0.0	0.0	0.0	0.0	0.0	0.0	0.0	0.0	0.0	0.0	0.0	
Sora	0.0	0.0	0.0	0.0	0.0	0.0	0.0	0.0	0.0	0.0	0.0	0.0	0.0	0.0	0.0	0.0	0.0	0.0	0.0	0.0	0.0	0.0	0.0	0.0	0.0	0.0	0.0	0.0	0.0	0.0	0.0	0.0	0.0	0.0	0.0	0.0	0.0	0.0168539	0.0	0.0	0.0	0.0	0.0	0.0	0.0	0.0	0.0	0.0	
American Coot	0.0015	0.0054645	0.0	0.0044444	0.0	0.0069444	0.0	0.0078125	0.0	0.0	0.0	0.0	0.0	0.0	0.0	0.0	0.0	0.0	0.0	0.0	0.0	0.0	0.0	0.0	0.0	0.0	0.0	0.0	0.0	0.0	0.0	0.0	0.0	0.0	0.0	0.0	0.0	0.0	0.0	0.0043478	0.0	0.0068027	0.0169492	0.0382166	0.009434	0.0	0.0	0.0	
Killdeer	0.0	0.0	0.0	0.0	0.0	0.0	0.0	0.0	0.0	0.0088496	0.0285714	0.0	0.0	0.0	0.0	0.0142857	0.0047619	0.0	0.0047847	0.0106383	0.0091743	0.0	0.0	0.0	0.0	0.0	0.0	0.0	0.0	0.0	0.0	0.0	0.0	0.0	0.0	0.0	0.0	0.005618	0.0	0.0	0.0	0.0	0.0	0.0	0.0	0.0	0.0	0.0	
American Woodcock	0.08	0.1202186	0.077381	0.0622222	0.0138889	0.0347222	0.0	0.0	0.0190476	0.0353982	0.0190476	0.019802	0.0145985	0.0	0.00625	0.0	0.0	0.0	0.0	0.0	0.0	0.0	0.0	0.0	0.0	0.0	0.0	0.0	0.0	0.0	0.0	0.0	0.0	0.0	0.0	0.0	0.0	0.0	0.009901	0.026087	0.0368098	0.0	0.0084746	0.0063694	0.0	0.0	0.0102041	0.037594	
Wilson's Snipe	0.0	0.0	0.0	0.0	0.0	0.0	0.0	0.0	0.0	0.0	0.0015	0.0	0.0218978	0.0	0.0	0.0	0.0	0.0	0.0	0.0	0.0	0.0	0.0	0.0	0.0	0.0	0.0	0.0	0.0	0.0	0.0	0.0	0.0	0.0	0.0	0.0	0.0	0.0	0.0	0.0	0.0	0.0	0.0	0.0	0.0	0.0	0.0	0.0	
Spotted Sandpiper	0.0	0.0	0.0	0.0	0.0	0.0	0.0	0.0	0.0	0.0	0.0	0.0	0.0	0.0	0.0	0.0142857	0.0619048	0.0862944	0.0574163	0.0212766	0.0	0.0	0.0	0.0	0.0	0.0	0.0	0.0	0.0140845	0.0	0.0215054	0.0	0.0	0.00625	0.0	0.0	0.0	0.0	0.0	0.0	0.0	0.0	0.0	0.0	0.0	0.0	0.0	0.0	
Solitary Sandpiper	0.0	0.0	0.0	0.0	0.0	0.0	0.0	0.0	0.0	0.0	0.0	0.0	0.0	0.0	0.0	0.0047619	0.0	0.0	0.0	0.0	0.0	0.0	0.0	0.0	0.0	0.0	0.0	0.0	0.0	0.0	0.0	0.0	0.0	0.0	0.0	0.0	0.0	0.0	0.0	0.0	0.0	0.0	0.0	0.0	0.0	0.0	0.0	0.0	
Greater Yellowlegs	0.0	0.0	0.0	0.0	0.0	0.0	0.0	0.0	0.0	0.0	0.0	0.0	0.0	0.0	0.0	0.0	0.0	0.0	0.0	0.0	0.0	0.0	0.0	0.0	0.0	0.0	0.0	0.0	0.0	0.0	0.0	0.0	0.0	0.00625	0.0	0.0	0.0	0.0	0.0	0.0	0.0	0.0	0.0	0.0	0.0	0.0	0.0	0.0	
Sanderling	0.0	0.0	0.0	0.0	0.0	0.0	0.0	0.0	0.0	0.0	0.0	0.0	0.0	0.0	0.0	0.0	0.0	0.0	0.0	0.0	0.0	0.0	0.0	0.0	0.0	0.0	0.0	0.0	0.0	0.0142857	0.0	0.0	0.0	0.0	0.0	0.0	0.0	0.0	0.0	0.0	0.0	0.0	0.0	0.0	0.0	0.0	0.0	0.0	
Purple Sandpiper	0.0057143	0.0	0.0	0.0	0.0	0.0	0.0	0.0	0.0	0.0	0.0	0.0	0.0	0.0	0.0	0.0	0.0	0.0	0.0	0.0	0.0	0.0	0.0	0.0	0.0	0.0	0.0	0.0	0.0	0.0	0.0	0.0	0.0	0.0	0.0	0.0	0.0	0.0	0.0	0.0	0.0	0.0	0.0	0.0	0.0	0.0	0.0	0.0	
Least Sandpiper	0.0	0.0	0.0	0.0	0.0	0.0	0.0	0.0	0.0	0.0	0.0	0.0	0.0	0.0	0.0	0.0	0.0	0.0	0.0	0.0	0.0	0.0	0.0	0.0	0.0	0.0	0.0131579	0.0	0.0140845	0.0	0.0	0.0179641	0.006993	0.0	0.0	0.0	0.0	0.0	0.0	0.0	0.0	0.0	0.0	0.0	0.0	0.0	0.0	0.0	
peep sp.	0.0	0.0	0.0	0.0	0.0	0.0	0.0	0.0	0.0	0.0	0.0	0.0	0.0	0.0	0.0	0.0	0.0	0.0	0.0	0.0	0.0	0.0	0.0	0.0	0.0	0.0	0.0	0.0	0.0	0.0142857	0.0	0.0	0.0	0.0	0.0	0.0	0.0	0.0	0.0	0.0	0.0	0.0	0.0	0.0	0.0	0.0	0.0	0.0	
shorebird sp.	0.0	0.0	0.0	0.0	0.0015	0.0	0.0	0.0	0.0	0.0	0.0	0.0049505	0.0	0.0	0.0	0.0	0.0	0.0	0.0	0.0	0.0	0.0	0.0	0.0	0.0	0.0	0.0	0.0	0.0	0.0	0.0107527	0.0	0.0	0.0	0.0	0.0040161	0.0	0.0	0.0	0.0	0.0	0.0	0.0	0.0	0.0	0.0	0.0	0.0	
Bonaparte's Gull	0.0571429	0.0054645	0.0059524	0.0088889	0.0208333	0.0	0.0	0.0	0.0	0.0	0.0	0.0	0.0	0.0	0.0	0.0	0.0	0.0	0.0	0.0	0.0	0.0	0.0	0.0	0.0	0.0	0.0	0.0	0.0	0.0	0.0	0.0	0.0	0.0	0.0	0.0	0.0	0.0	0.0	0.0	0.0	0.0	0.0084746	0.0	0.0	0.0	0.0	0.0075188	
Black-headed Gull	0.0628571	0.0491803	0.0357143	0.0	0.0347222	0.0069444	0.0	0.03125	0.0095238	0.0	0.0	0.0	0.0	0.0	0.0	0.0	0.0	0.0	0.0	0.0	0.0	0.0	0.0	0.0	0.0	0.0	0.0	0.0	0.0	0.0	0.0	0.0	0.0	0.0	0.0	0.0	0.0	0.0	0.0	0.0	0.0	0.0	0.0	0.0	0.0	0.0	0.0	0.0	
Laughing Gull	0.0	0.0	0.0	0.0	0.0	0.0	0.0	0.0	0.0	0.0	0.0	0.0	0.0948905	0.246988	0.65625	0.7904762	0.7238095	0.7411168	0.6220096	0.3989362	0.4311927	0.3896104	0.5679012	0.4672897	0.6666667	0.6419753	0.6315789	0.6788991	0.5774648	0.5142857	0.6236559	0.4850299	0.4125874	0.4125	0.3781095	0.3534137	0.3475936	0.3426966	0.2475248	0.2869565	0.202454	0.1768707	0.0508475	0.0127389	0.0	0.0088496	0.0	0.0	
Ring-billed Gull	0.9485714	0.9234973	0.9642857	0.9377778	0.9444444	0.9583333	0.9402985	0.9609375	0.9714286	0.9469027	0.9047619	0.8415842	0.8175182	0.7168675	0.76875	0.6952381	0.5857143	0.6243655	0.6267943	0.6648936	0.5229358	0.5844156	0.6419753	0.5607477	0.6231884	0.7283951	0.7763158	0.706422	0.8873239	0.8142857	0.9032258	0.7964072	0.9090909	0.85	0.8855721	0.8674699	0.8502674	0.8258427	0.8366337	0.9043478	0.9079755	0.8367347	0.9237288	0.9363057	0.9528302	0.9646018	0.9387755	0.9699248	
Black-headed x Ring-billed Gull (hybrid)	0.0057143	0.0163934	0.0	0.0	0.0	0.0	0.0	0.0	0.0	0.0	0.0	0.0	0.0	0.0	0.0	0.0	0.0	0.0	0.0	0.0	0.0	0.0	0.0	0.0	0.0	0.0	0.0	0.0	0.0	0.0	0.0	0.0	0.0	0.0	0.0	0.0	0.0	0.0	0.0	0.0	0.0	0.0	0.0	0.0	0.0	0.0	0.0	0.0225564	
Herring Gull	0.7314286	0.7431694	0.8035714	0.7377778	0.6875	0.75	0.738806	0.7421875	0.6190476	0.6725664	0.6666667	0.5742574	0.540146	0.5301205	0.5	0.5809524	0.5095238	0.4467005	0.4066986	0.5159574	0.5321101	0.5454545	0.5555556	0.5981308	0.5942029	0.5802469	0.6052632	0.5229358	0.5492958	0.6571429	0.7096774	0.6766467	0.7342657	0.6875	0.7512438	0.7389558	0.7112299	0.6573034	0.6386139	0.6869565	0.6932515	0.7482993	0.7881356	0.7579618	0.8207547	0.8318584	0.7959184	0.7593985	
Great Black-backed Gull	0.7085714	0.6120219	0.6785714	0.7066667	0.5555556	0.6180556	0.5970149	0.59375	0.5809524	0.5044248	0.6095238	0.4950495	0.5109489	0.3253012	0.41875	0.447619	0.4095238	0.4060914	0.4401914	0.5053191	0.559633	0.5844156	0.5432099	0.4766355	0.5652174	0.5802469	0.6973684	0.6238532	0.6760563	0.5714286	0.516129	0.6047904	0.6503497	0.59375	0.5920398	0.5341365	0.4759358	0.4775281	0.4950495	0.5478261	0.6503067	0.6462585	0.7457627	0.6878981	0.6792453	0.6548673	0.7653061	0.6691729	
Herring x Glaucous Gull (hybrid)	0.0	0.0	0.0119048	0.0044444	0.0	0.0069444	0.0	0.0078125	0.0	0.0	0.0	0.0	0.0	0.0	0.0	0.0	0.0	0.0	0.0	0.0	0.0	0.0	0.0	0.0	0.0	0.0	0.0	0.0	0.0	0.0	0.0	0.0	0.0	0.0	0.0	0.0	0.0	0.0	0.0	0.0	0.0	0.0	0.0	0.0	0.0	0.0	0.0	0.0	
Lesser Black-backed Gull	0.0685714	0.0437158	0.0654762	0.0177778	0.0486111	0.0069444	0.0223881	0.03125	0.0095238	0.0088496	0.0095238	0.0049505	0.0364964	0.0	0.0	0.0	0.0	0.0	0.0	0.0	0.0	0.0	0.0	0.0	0.0	0.0	0.0	0.0	0.0	0.0	0.0	0.0	0.0	0.0	0.0	0.0	0.0	0.0	0.0049505	0.0	0.0122699	0.0	0.0169492	0.0063694	0.0	0.0353982	0.0204082	0.0225564	
Iceland Gull	0.0342857	0.0327869	0.0297619	0.0488889	0.0	0.0	0.0	0.0	0.0	0.0	0.0	0.0	0.0	0.0	0.01875	0.0	0.0	0.0	0.0	0.0	0.0	0.0	0.0	0.0	0.0	0.0	0.0	0.0	0.0	0.0	0.0	0.0	0.0	0.0	0.0	0.0	0.0	0.0	0.0	0.0	0.0	0.0	0.0	0.0063694	0.0	0.0	0.0	0.0225564	
Larus sp.	0.0285714	0.0382514	0.0238095	0.0044444	0.0208333	0.0	0.0149254	0.015625	0.0095238	0.0176991	0.0285714	0.0247525	0.0145985	0.0060241	0.0125	0.0095238	0.0	0.0050761	0.0095694	0.0106383	0.0	0.012987	0.0123457	0.0280374	0.0	0.0	0.0394737	0.0183486	0.0422535	0.0428571	0.0107527	0.0179641	0.027972	0.00625	0.0049751	0.0080321	0.0	0.011236	0.0	0.0173913	0.006135	0.0068027	0.0254237	0.0063694	0.009434	0.0265487	0.0	0.0451128	
gull sp.	0.0228571	0.0218579	0.0119048	0.0133333	0.0416667	0.0486111	0.0447761	0.015625	0.0095238	0.0353982	0.0095238	0.0346535	0.0364964	0.0240964	0.01875	0.0095238	0.0047619	0.0101523	0.0143541	0.0	0.0183486	0.012987	0.0	0.0	0.0144928	0.0	0.0	0.0091743	0.028169	0.0714286	0.0107527	0.005988	0.013986	0.025	0.0199005	0.0080321	0.0106952	0.0224719	0.0148515	0.0217391	0.0122699	0.047619	0.0169492	0.0127389	0.009434	0.0442478	0.0102041	0.0225564	
Forster's Tern	0.0	0.0	0.0	0.0	0.0	0.0	0.0	0.0	0.0	0.0	0.0	0.0	0.0	0.0	0.0	0.0	0.0	0.0	0.0047847	0.0	0.0	0.0	0.0123457	0.0	0.0144928	0.0123457	0.0	0.0091743	0.0	0.0142857	0.0107527	0.0	0.0	0.0	0.0	0.0120482	0.0	0.0	0.0	0.0	0.0	0.0	0.0	0.0	0.0	0.0	0.0	0.0	
Common Tern	0.0	0.0	0.0	0.0	0.0	0.0	0.0	0.0	0.0	0.0	0.0	0.0	0.0	0.0	0.0	0.0	0.0047619	0.1675127	0.291866	0.393617	0.4220183	0.4805195	0.5185185	0.4953271	0.5652174	0.6296296	0.75	0.7155963	0.7887324	0.7857143	0.6451613	0.4311377	0.3356643	0.08125	0.0149254	0.0040161	0.0	0.0	0.0049505	0.0	0.0	0.0	0.0	0.0	0.0	0.0	0.0	0.0	
Forster's/Common Tern	0.0	0.0	0.0	0.0	0.0	0.0	0.0	0.0	0.0	0.0	0.0	0.0	0.0	0.0	0.0	0.0	0.0047619	0.0	0.0	0.0	0.0	0.0	0.0	0.0015	0.0144928	0.0	0.0131579	0.0	0.0	0.0	0.0	0.005988	0.0	0.0	0.0	0.0	0.0	0.0	0.0	0.0	0.0	0.0	0.0	0.0	0.0	0.0	0.0	0.0	
Sterna sp.	0.0	0.0	0.0	0.0	0.0	0.0	0.0	0.0	0.0	0.0	0.0	0.0	0.0	0.0	0.0	0.0	0.0	0.0050761	0.0	0.0	0.0	0.0	0.0123457	0.0	0.0144928	0.0	0.0	0.0	0.0140845	0.0	0.0	0.0	0.0	0.00625	0.0	0.0	0.0	0.0	0.0	0.0	0.0	0.0	0.0	0.0	0.0	0.0	0.0	0.0	
tern sp.	0.0	0.0	0.0	0.0	0.0	0.0	0.0	0.0	0.0	0.0	0.0	0.0	0.0	0.0	0.0	0.0	0.0	0.0	0.0047847	0.0	0.0	0.0	0.0123457	0.0	0.0	0.0	0.0	0.0	0.0140845	0.0142857	0.0	0.0	0.0	0.00625	0.0	0.0	0.0	0.0	0.0	0.0	0.0	0.0	0.0	0.0	0.0	0.0	0.0	0.0	
Red-throated Loon	0.0228571	0.010929	0.0178571	0.0044444	0.0208333	0.0694444	0.1044776	0.140625	0.0857143	0.0884956	0.1142857	0.0544554	0.0291971	0.0120482	0.125	0.0095238	0.0142857	0.0	0.0047847	0.0	0.0	0.0	0.0	0.0	0.0	0.0	0.0	0.0	0.0	0.0	0.0	0.0	0.0	0.0	0.0	0.0	0.0	0.0	0.0	0.0	0.0	0.0	0.0	0.0	0.0	0.0	0.0	0.0451128	
Common Loon	0.0114286	0.0054645	0.0119048	0.0	0.0	0.0069444	0.0	0.0234375	0.0095238	0.0088496	0.0095238	0.0	0.0	0.0060241	0.0	0.0190476	0.0095238	0.0	0.0143541	0.0	0.0	0.0	0.0	0.0	0.0	0.0	0.0	0.0	0.0	0.0	0.0	0.0	0.0	0.0	0.0	0.0080321	0.0	0.0	0.0	0.0	0.0	0.0	0.0	0.0	0.0	0.0	0.0102041	0.0075188	
Northern Gannet	0.0	0.0	0.0	0.0	0.0	0.0	0.0	0.0	0.0	0.0	0.0	0.0	0.0	0.0	0.0	0.0	0.0	0.0	0.0	0.0	0.0	0.0	0.0	0.0	0.0	0.0	0.0	0.0	0.0	0.0	0.0	0.0	0.0	0.0	0.0	0.0	0.0	0.0	0.0	0.0043478	0.0	0.0	0.0	0.0	0.0	0.0	0.0	0.0	
Great Cormorant	0.0	0.0	0.0	0.0044444	0.0069444	0.0	0.0	0.0	0.0	0.0	0.0095238	0.0	0.0	0.0	0.0	0.0	0.0	0.0	0.0	0.0	0.0	0.0	0.0	0.0	0.0	0.0	0.0	0.0	0.0	0.0	0.0	0.0	0.0	0.0	0.0	0.0	0.0	0.0	0.0	0.0043478	0.0	0.0	0.0	0.0	0.0	0.0	0.0	0.0	
Double-crested Cormorant	0.7428571	0.715847	0.7440476	0.72	0.6944444	0.6875	0.6492537	0.65625	0.6857143	0.6814159	0.752381	0.7376238	0.8321168	0.8012048	0.8	0.8619048	0.7714286	0.8274112	0.84689	0.8510638	0.7981651	0.8571429	0.8395062	0.8598131	0.9130435	0.9012346	0.8947368	0.7706422	0.9014085	0.8571429	0.7741935	0.748503	0.8321678	0.825	0.8159204	0.811245	0.7272727	0.7696629	0.7178218	0.7695652	0.7484663	0.7278912	0.6864407	0.7006369	0.6792453	0.7168142	0.6836735	0.7368421	
cormorant sp.	0.0	0.0	0.0	0.0133333	0.0015	0.0	0.0	0.0	0.0095238	0.0	0.0	0.0049505	0.0072993	0.0060241	0.00625	0.0	0.0	0.0	0.0047847	0.0	0.0	0.0	0.0	0.0093458	0.0	0.0	0.0	0.0	0.0	0.0	0.0	0.0	0.0	0.0	0.0	0.0	0.0053476	0.0	0.0	0.0043478	0.006135	0.0068027	0.0	0.0	0.0	0.0	0.0	0.0150376	
Yellow-crowned Night Heron	0.0	0.0	0.0	0.0	0.0	0.0	0.0	0.0	0.0	0.0	0.0	0.0	0.0	0.0	0.0	0.0	0.0	0.0	0.0	0.0	0.0	0.0	0.0246914	0.0186916	0.0	0.0	0.0	0.0	0.0	0.0	0.0	0.0	0.0	0.0125	0.0	0.0	0.0	0.005618	0.0	0.0	0.0	0.0	0.0	0.0	0.0	0.0	0.0	0.0	
Black-crowned Night Heron	0.0	0.0218579	0.0059524	0.0088889	0.0208333	0.0486111	0.0074627	0.0	0.0	0.0	0.0	0.0049505	0.0	0.0	0.0	0.0142857	0.0238095	0.071066	0.0239234	0.0744681	0.0550459	0.0519481	0.1234568	0.1308411	0.115942	0.1604938	0.1052632	0.2385321	0.0985915	0.2	0.0645161	0.1856287	0.1398601	0.1125	0.1840796	0.1485944	0.2192513	0.1404494	0.1287129	0.1130435	0.0920245	0.0680272	0.1271186	0.0636943	0.0471698	0.0707965	0.0204082	0.0225564	
Yellow-crowned/Black-crowned Night Heron	0.0	0.0	0.0	0.0	0.0	0.0	0.0	0.0	0.0	0.0	0.0	0.0	0.0	0.0	0.0	0.0	0.0	0.0	0.0	0.0	0.0	0.0	0.0	0.0	0.0	0.0	0.0	0.0	0.0	0.0	0.0	0.005988	0.0	0.0	0.0	0.0	0.0	0.0	0.0	0.0	0.0	0.0	0.0	0.0	0.0	0.0	0.0	0.0	
Snowy Egret	0.0	0.0	0.0	0.0	0.0	0.0	0.0	0.0	0.0	0.0	0.0	0.0	0.0	0.0060241	0.00625	0.0047619	0.0047619	0.0101523	0.0143541	0.0159574	0.0091743	0.0	0.0	0.0	0.0	0.0	0.0	0.0	0.0	0.0	0.0	0.0	0.0	0.0	0.0	0.0	0.0	0.0	0.0	0.0	0.0	0.0	0.0	0.0	0.0	0.0	0.0	0.0	
Green Heron	0.0	0.0	0.0	0.0	0.0	0.0	0.0	0.0	0.0	0.0	0.0	0.0	0.0	0.0015	0.08125	0.1428571	0.1142857	0.0203046	0.0478469	0.0265957	0.0	0.012987	0.0	0.0	0.0	0.0	0.0	0.0	0.0140845	0.0	0.0	0.0	0.0	0.0	0.0049751	0.0015	0.0	0.0	0.0	0.0	0.0	0.0	0.0	0.0	0.0	0.0	0.0	0.0	
Great Egret	0.0	0.0	0.0	0.0	0.0	0.0	0.0	0.0	0.0	0.0	0.0	0.009901	0.0145985	0.0060241	0.03125	0.0047619	0.0285714	0.0558376	0.0430622	0.0212766	0.0183486	0.0649351	0.0246914	0.0373832	0.0144928	0.037037	0.0	0.0	0.0140845	0.0	0.0	0.0	0.0	0.00625	0.0049751	0.0	0.0053476	0.0	0.0	0.0	0.0	0.0	0.0084746	0.0	0.0	0.0	0.0	0.0	
Great Blue Heron	0.0971429	0.0054645	0.0059524	0.0088889	0.0	0.0	0.0	0.0	0.0095238	0.0088496	0.0	0.0049505	0.0	0.0060241	0.00625	0.0047619	0.0047619	0.0050761	0.0047847	0.0212766	0.0091743	0.0	0.0	0.0093458	0.0144928	0.0246914	0.0526316	0.0183486	0.0140845	0.0428571	0.0107527	0.0	0.0	0.0	0.0149254	0.0200803	0.0213904	0.0337079	0.039604	0.026087	0.0122699	0.0272109	0.1101695	0.0573248	0.0566038	0.0619469	0.0408163	0.075188	
heron sp.	0.0	0.0	0.0	0.0	0.0	0.0	0.0	0.0	0.0	0.0	0.0	0.0049505	0.0	0.0	0.0	0.0	0.0	0.0	0.0	0.0	0.0	0.0	0.0	0.0	0.0	0.0	0.0	0.0	0.0	0.0	0.0	0.0	0.0	0.0	0.0	0.0	0.0	0.0	0.0	0.0	0.0	0.0	0.0	0.0	0.0	0.0	0.0	0.0	
white egret sp.	0.0	0.0	0.0	0.0	0.0	0.0	0.0	0.0	0.0	0.0	0.0	0.0	0.0	0.0	0.0	0.0	0.0047619	0.0	0.0	0.0	0.0	0.0	0.0	0.0	0.0	0.0	0.0	0.0	0.0	0.0	0.0	0.0	0.0	0.0	0.0	0.0	0.0	0.0	0.0	0.0	0.0	0.0	0.0	0.0	0.0	0.0	0.0	0.0	
Glossy Ibis	0.0	0.0	0.0	0.0	0.0	0.0	0.0	0.0	0.0	0.0	0.0	0.0	0.0	0.0	0.0	0.0	0.0	0.0101523	0.0	0.0	0.0183486	0.0	0.0	0.0	0.0	0.0	0.0	0.0	0.0	0.0	0.0	0.0	0.0	0.0	0.0	0.0	0.0	0.0	0.0	0.0	0.0	0.0	0.0	0.0	0.0	0.0	0.0	0.0	
Turkey Vulture	0.0	0.0054645	0.0	0.0088889	0.0	0.0069444	0.0	0.0	0.0	0.0	0.0	0.019802	0.0145985	0.0120482	0.025	0.0047619	0.0047619	0.0050761	0.0047847	0.0	0.0	0.0	0.0	0.0	0.0	0.0	0.0	0.0	0.0140845	0.0	0.0	0.0	0.0	0.0	0.0	0.0	0.0	0.005618	0.019802	0.0043478	0.0	0.0068027	0.0	0.0063694	0.0	0.0088496	0.0	0.0	
Osprey	0.0	0.0	0.0	0.0	0.0	0.0	0.0	0.0	0.0	0.0	0.0	0.0148515	0.0437956	0.0240964	0.03125	0.0142857	0.0238095	0.035533	0.0334928	0.0212766	0.0091743	0.0015	0.0246914	0.0093458	0.0144928	0.0	0.0131579	0.0183486	0.0	0.0142857	0.0107527	0.0359281	0.020979	0.0015	0.0149254	0.0361446	0.0160428	0.011236	0.0	0.0043478	0.006135	0.0	0.0	0.0	0.0	0.0	0.0	0.0	
Northern Harrier	0.0	0.0	0.0	0.0	0.0	0.0	0.0	0.0	0.0	0.0	0.0	0.0	0.0072993	0.0	0.0	0.0	0.0	0.0	0.0	0.0	0.0	0.0	0.0	0.0	0.0	0.0	0.0	0.0	0.0	0.0	0.0	0.0	0.0	0.0	0.0	0.0	0.0	0.0	0.0	0.0043478	0.0	0.0	0.0	0.0	0.0	0.0	0.0	0.0	
Sharp-shinned Hawk	0.0	0.0054645	0.0	0.0	0.0	0.0	0.0	0.0	0.0	0.0	0.0	0.0	0.0	0.0	0.00625	0.0	0.0	0.0	0.0	0.0	0.0	0.0	0.0	0.0	0.0	0.0	0.0	0.0	0.0	0.0	0.0	0.0	0.0	0.0	0.0	0.0	0.0	0.005618	0.0	0.0	0.006135	0.0204082	0.0	0.0063694	0.0	0.0	0.0	0.0	
Cooper's Hawk	0.0571429	0.0382514	0.0595238	0.0488889	0.0277778	0.0486111	0.0522388	0.0390625	0.0285714	0.0265487	0.0190476	0.009901	0.0	0.0	0.0	0.0	0.0	0.0	0.0	0.0	0.0	0.0	0.0	0.0	0.0	0.0	0.0	0.0	0.0	0.0	0.0	0.0	0.0	0.0	0.0049751	0.0080321	0.0106952	0.0224719	0.0891089	0.0869565	0.1042945	0.0544218	0.0932203	0.1210191	0.0754717	0.1504425	0.0816327	0.0676692	
Sharp-shinned/Cooper's Hawk	0.0057143	0.0	0.0	0.0	0.0	0.0069444	0.0	0.0	0.0	0.0	0.0	0.0	0.0	0.0	0.0	0.0	0.0	0.0	0.0	0.0	0.0	0.0	0.0	0.0	0.0	0.0	0.0	0.0	0.0	0.0	0.0	0.0	0.0	0.0	0.0	0.0	0.0	0.0	0.009901	0.0043478	0.0	0.0	0.0084746	0.0	0.0	0.0	0.0	0.0075188	
Cooper's Hawk/American Goshawk	0.0	0.0	0.0	0.0	0.0	0.0	0.0	0.0	0.0	0.0	0.0	0.0049505	0.0	0.0	0.0	0.0	0.0	0.0	0.0	0.0	0.0	0.0	0.0	0.0	0.0	0.0	0.0	0.0	0.0	0.0	0.0	0.0	0.0	0.0	0.0	0.0	0.0	0.0	0.0	0.0	0.0	0.0	0.0	0.0	0.0	0.0	0.0	0.0	
Accipiter sp.	0.0	0.0	0.0	0.0	0.0138889	0.0	0.0	0.0	0.0	0.0	0.0	0.0	0.0	0.0	0.0	0.0	0.0	0.0	0.0	0.0	0.0	0.0	0.0	0.0	0.0	0.0	0.0	0.0	0.0	0.0	0.0	0.0	0.0	0.00625	0.0	0.0	0.0	0.0	0.0	0.0	0.0	0.0	0.0	0.0	0.0	0.0088496	0.0	0.0	
Bald Eagle	0.0	0.010929	0.0119048	0.0	0.0	0.0	0.0	0.0078125	0.0095238	0.0	0.0	0.0049505	0.0145985	0.0120482	0.00625	0.0	0.0	0.0	0.0047847	0.0	0.0	0.0	0.0	0.0	0.0	0.0	0.0	0.0	0.0	0.0	0.0	0.0	0.0	0.0	0.0049751	0.0	0.0	0.005618	0.0	0.0	0.006135	0.0	0.0	0.0	0.0	0.0176991	0.0	0.0150376	
Red-shouldered Hawk	0.0	0.0	0.0	0.0	0.0069444	0.0	0.0	0.0	0.0	0.0	0.0	0.0	0.0	0.0	0.0	0.0	0.0	0.0	0.0	0.0	0.0	0.0	0.0	0.0	0.0	0.0	0.0	0.0	0.0	0.0	0.0	0.0	0.0	0.0	0.0	0.0	0.0	0.0	0.0	0.0043478	0.0	0.0	0.0084746	0.0	0.009434	0.0	0.0	0.0	
Red-tailed Hawk	0.0857143	0.0546448	0.0535714	0.0222222	0.0347222	0.0277778	0.0223881	0.078125	0.1142857	0.0088496	0.047619	0.049505	0.1313869	0.0301205	0.025	0.0666667	0.0190476	0.0253807	0.0143541	0.0106383	0.0	0.0	0.0015	0.0	0.0	0.0	0.0131579	0.0091743	0.0	0.0	0.0215054	0.011976	0.020979	0.0125	0.0149254	0.0120482	0.0695187	0.0280899	0.0594059	0.0521739	0.0490798	0.170068	0.0847458	0.1146497	0.1320755	0.1327434	0.1428571	0.075188	
Buteo sp.	0.0	0.0	0.0	0.0	0.0015	0.0	0.0	0.0	0.0	0.0	0.0	0.0	0.0	0.0	0.0	0.0	0.0	0.0	0.0	0.0	0.0	0.0	0.0	0.0	0.0	0.0	0.0	0.0	0.0	0.0	0.0	0.0	0.0	0.0	0.0049751	0.0	0.0	0.0	0.0049505	0.0	0.006135	0.0	0.0	0.0	0.0	0.0	0.0	0.0	
hawk sp.	0.0	0.0	0.0	0.0	0.0	0.0	0.0	0.0	0.0	0.0	0.0	0.0	0.0	0.0	0.00625	0.0047619	0.0	0.0	0.0	0.0	0.0	0.0	0.0	0.0	0.0	0.0	0.0	0.0	0.0	0.0	0.0	0.0	0.0	0.0	0.0	0.0	0.0015	0.0	0.0	0.0	0.0	0.0015	0.0	0.0	0.009434	0.0	0.0	0.0	
Belted Kingfisher	0.0	0.0054645	0.0	0.0	0.0	0.0	0.0	0.0078125	0.0	0.0	0.0	0.0049505	0.0	0.0	0.0	0.0142857	0.0047619	0.0	0.0	0.0	0.0	0.0	0.0	0.0	0.0	0.0123457	0.0	0.0	0.0	0.0	0.0107527	0.0179641	0.0	0.0	0.0199005	0.0	0.0106952	0.0	0.0	0.0	0.0122699	0.0	0.0	0.0	0.009434	0.0	0.0	0.0	
Yellow-bellied Sapsucker	0.0	0.010929	0.0119048	0.0222222	0.0	0.0	0.0149254	0.0	0.0	0.0088496	0.0095238	0.0792079	0.3065693	0.1987952	0.11875	0.0285714	0.0380952	0.0152284	0.0047847	0.0	0.0	0.0	0.0	0.0	0.0	0.0	0.0	0.0	0.0	0.0	0.0	0.0	0.0	0.0	0.0	0.0682731	0.2085561	0.4325843	0.3861386	0.2521739	0.1104294	0.1020408	0.059322	0.0191083	0.0283019	0.0176991	0.0510204	0.0	
Red-headed Woodpecker	0.0	0.0	0.0	0.0	0.0	0.0	0.0	0.0	0.0	0.0	0.0	0.0	0.0	0.0	0.0	0.0	0.0	0.0	0.0095694	0.0	0.0	0.0	0.0	0.0	0.0	0.0	0.0	0.0	0.0	0.0	0.0	0.0	0.0	0.0	0.0049751	0.0	0.0	0.0	0.0	0.0	0.0	0.0	0.0	0.0	0.0	0.0	0.0	0.0	
Red-bellied Woodpecker	0.0057143	0.0	0.0	0.0	0.0	0.0069444	0.0	0.0	0.0	0.0	0.0	0.009901	0.0072993	0.0060241	0.0125	0.0285714	0.0619048	0.1167513	0.0861244	0.0159574	0.0	0.038961	0.0	0.0	0.0	0.0	0.0	0.0	0.0	0.0	0.0	0.0	0.0	0.0	0.0	0.0562249	0.0588235	0.0786517	0.029703	0.0304348	0.0245399	0.0136054	0.0	0.0	0.0	0.0	0.0	0.0	
Downy Woodpecker	0.04	0.0655738	0.0535714	0.0577778	0.0833333	0.0277778	0.0373134	0.0625	0.0	0.0530973	0.0666667	0.0544554	0.0510949	0.0301205	0.0375	0.0380952	0.0238095	0.0253807	0.0287081	0.0478723	0.0917431	0.038961	0.1234568	0.1214953	0.1304348	0.1358025	0.1842105	0.1651376	0.2253521	0.1285714	0.1612903	0.1317365	0.2237762	0.16875	0.0945274	0.1004016	0.1016043	0.1516854	0.1287129	0.1130435	0.1104294	0.0952381	0.059322	0.0700637	0.0660377	0.0265487	0.0306122	0.0300752	
Downy/Hairy Woodpecker	0.0	0.0	0.0	0.0	0.0	0.0	0.0	0.0	0.0	0.0	0.0	0.0	0.0	0.0	0.0	0.0	0.0047619	0.0	0.0	0.0	0.0	0.0	0.0	0.0	0.0	0.0	0.0	0.0	0.0140845	0.0	0.0	0.0	0.0	0.0	0.0	0.0	0.0	0.0	0.0	0.0	0.0	0.0	0.0	0.0	0.0	0.0	0.0	0.0	
Northern Flicker	0.0628571	0.0819672	0.0952381	0.0755556	0.0416667	0.0486111	0.0373134	0.0234375	0.0285714	0.0530973	0.1142857	0.2821782	0.4379562	0.3373494	0.34375	0.3047619	0.2428571	0.1319797	0.0574163	0.0265957	0.0183486	0.012987	0.0	0.0093458	0.0	0.0	0.0131579	0.1192661	0.0985915	0.0857143	0.1182796	0.1856287	0.2167832	0.2375	0.5422886	0.6907631	0.7058824	0.6067416	0.539604	0.4826087	0.3435583	0.2789116	0.220339	0.1146497	0.1509434	0.2123894	0.2244898	0.1353383	
woodpecker sp.	0.0	0.0	0.0	0.0	0.0	0.0	0.0	0.0	0.0	0.0	0.0	0.0	0.0	0.0060241	0.00625	0.0	0.0	0.0	0.0	0.0	0.0	0.0	0.0	0.0	0.0	0.0	0.0	0.0	0.0	0.0	0.0	0.0	0.0	0.0	0.0	0.0	0.0	0.0	0.0	0.0	0.0	0.0	0.0	0.0	0.0	0.0	0.0	0.0	
American Kestrel	0.1542857	0.1092896	0.0595238	0.0577778	0.0486111	0.0555556	0.0298507	0.0625	0.0761905	0.0530973	0.1047619	0.0594059	0.080292	0.0421687	0.04375	0.0142857	0.0333333	0.0	0.0095694	0.0106383	0.0091743	0.025974	0.0123457	0.0186916	0.0	0.0	0.0	0.0183486	0.0	0.0571429	0.0107527	0.0359281	0.0769231	0.075	0.1094527	0.184739	0.0695187	0.1573034	0.1881188	0.226087	0.208589	0.1564626	0.2457627	0.1910828	0.1226415	0.2123894	0.1836735	0.2105263	
Merlin	0.0	0.0	0.0	0.0	0.0	0.0	0.0015	0.0	0.0	0.0088496	0.0	0.0148515	0.0	0.0	0.00625	0.0	0.0095238	0.0050761	0.0	0.0	0.0	0.0	0.0	0.0	0.0	0.0	0.0	0.0	0.0	0.0142857	0.0	0.0	0.0	0.0	0.0	0.0120482	0.0	0.005618	0.0049505	0.0043478	0.0	0.0068027	0.0084746	0.0	0.0283019	0.0	0.0	0.0	
Peregrine Falcon	0.0285714	0.0054645	0.047619	0.0266667	0.0208333	0.0347222	0.0074627	0.078125	0.0857143	0.0176991	0.0190476	0.0148515	0.0145985	0.0060241	0.025	0.0285714	0.0095238	0.0456853	0.0382775	0.0531915	0.0458716	0.012987	0.0	0.0093458	0.0289855	0.0246914	0.0131579	0.0	0.0	0.0142857	0.0107527	0.005988	0.006993	0.01875	0.0298507	0.0361446	0.0	0.0	0.0346535	0.026087	0.006135	0.0612245	0.0423729	0.0636943	0.0283019	0.0353982	0.0306122	0.0150376	
small falcon sp.	0.0	0.0	0.0	0.0	0.0	0.0	0.0	0.0	0.0	0.0	0.0	0.0	0.0	0.0	0.00625	0.0	0.0	0.0	0.0	0.0	0.0	0.0	0.0	0.0	0.0	0.0	0.0	0.0	0.0	0.0	0.0	0.0	0.0	0.0	0.0	0.0	0.0	0.0	0.0	0.0	0.0	0.0	0.0	0.0	0.0	0.0	0.0	0.0	
diurnal raptor sp.	0.0	0.0	0.0	0.0	0.0	0.0	0.0	0.0	0.0015	0.0	0.0	0.0	0.0	0.0060241	0.0	0.0	0.0	0.0	0.0	0.0	0.0	0.0	0.0	0.0	0.0	0.0123457	0.0	0.0	0.0	0.0	0.0	0.0	0.0	0.00625	0.0	0.0040161	0.0	0.0	0.0	0.0043478	0.0	0.0	0.0	0.0	0.0	0.0	0.0	0.0	
Budgerigar	0.0	0.0	0.0	0.0	0.0	0.0	0.0	0.0	0.0	0.0	0.0	0.0	0.0	0.0	0.0	0.0	0.0	0.0	0.0	0.0	0.0	0.0	0.0	0.0	0.0	0.0	0.0	0.0	0.0	0.0	0.0	0.005988	0.0	0.0	0.0049751	0.0040161	0.0	0.0	0.0	0.0	0.0	0.0	0.0	0.0	0.0	0.0	0.0	0.0	
Olive-sided Flycatcher	0.0	0.0	0.0	0.0	0.0	0.0	0.0	0.0	0.0	0.0	0.0	0.0	0.0	0.0	0.0	0.0	0.0	0.0101523	0.0	0.0	0.0	0.0	0.0	0.0	0.0	0.0	0.0	0.0	0.0	0.0	0.0	0.0	0.0	0.00625	0.0	0.0	0.0	0.0	0.0	0.0	0.0	0.0	0.0	0.0	0.0	0.0	0.0	0.0	
Eastern Wood-Pewee	0.0	0.0	0.0	0.0	0.0	0.0	0.0	0.0	0.0	0.0	0.0	0.0	0.0	0.0	0.0	0.0	0.0047619	0.0406091	0.1196172	0.1861702	0.1100917	0.0	0.0123457	0.0	0.0	0.0	0.0	0.0091743	0.0	0.0142857	0.0107527	0.0658683	0.1818182	0.15625	0.2039801	0.2168675	0.0909091	0.0505618	0.0148515	0.0086957	0.0	0.0	0.0	0.0	0.0	0.0	0.0	0.0	
Western/Eastern Wood-Pewee	0.0	0.0	0.0	0.0	0.0	0.0	0.0	0.0	0.0	0.0	0.0	0.0	0.0	0.0	0.0	0.0	0.0	0.0	0.0	0.0	0.0	0.0	0.0	0.0	0.0	0.0	0.0	0.0	0.0	0.0	0.0	0.0	0.0	0.00625	0.0	0.0040161	0.0	0.0	0.0	0.0	0.0	0.0	0.0	0.0	0.0	0.0	0.0	0.0	
Yellow-bellied Flycatcher	0.0	0.0	0.0	0.0	0.0	0.0	0.0	0.0	0.0	0.0	0.0	0.0	0.0	0.0	0.0	0.0	0.0	0.0	0.0047847	0.0	0.0	0.0	0.0	0.0	0.0	0.0	0.0	0.0	0.0	0.0	0.0	0.011976	0.0	0.0	0.0	0.0	0.0053476	0.0	0.0	0.0	0.0	0.0	0.0	0.0	0.0	0.0	0.0	0.0	
Acadian Flycatcher	0.0	0.0	0.0	0.0	0.0	0.0	0.0	0.0	0.0	0.0	0.0	0.0	0.0	0.0	0.0	0.0	0.0	0.0	0.0	0.0053191	0.0	0.0	0.0	0.0	0.0	0.0	0.0	0.0	0.0	0.0	0.0	0.0	0.0	0.0	0.0	0.0	0.0	0.0	0.0	0.0	0.0	0.0	0.0	0.0	0.0	0.0	0.0	0.0	
Alder Flycatcher	0.0	0.0	0.0	0.0	0.0	0.0	0.0	0.0	0.0	0.0	0.0	0.0	0.0	0.0	0.0	0.0	0.0	0.0	0.0	0.0	0.0	0.0	0.0	0.0	0.0	0.0	0.0	0.0	0.0	0.0	0.0	0.0299401	0.0	0.0	0.0049751	0.0	0.0	0.0	0.0	0.0	0.0	0.0	0.0	0.0	0.0	0.0	0.0	0.0	
Willow Flycatcher	0.0	0.0	0.0	0.0	0.0	0.0	0.0	0.0	0.0	0.0	0.0	0.0	0.0	0.0	0.0	0.0	0.0	0.0	0.0430622	0.0106383	0.0183486	0.0	0.0	0.0	0.0	0.0	0.0	0.0	0.0	0.0285714	0.0752688	0.011976	0.0	0.0	0.0	0.0	0.0	0.0	0.0	0.0	0.0	0.0	0.0	0.0	0.0	0.0	0.0	0.0	
Alder/Willow Flycatcher (Traill's Flycatcher)	0.0	0.0	0.0	0.0	0.0	0.0	0.0	0.0	0.0	0.0	0.0	0.0	0.0	0.0	0.0	0.0	0.0	0.0	0.0143541	0.0106383	0.0	0.0	0.0	0.0	0.0	0.0	0.0	0.0	0.0140845	0.0	0.0107527	0.0598802	0.0699301	0.0375	0.0298507	0.0040161	0.0	0.0	0.0	0.0	0.0	0.0	0.0	0.0	0.0	0.0	0.0	0.0	
Least Flycatcher	0.0	0.0	0.0	0.0	0.0	0.0	0.0	0.0	0.0	0.0	0.0	0.0	0.0	0.0	0.0	0.0095238	0.0571429	0.1116751	0.1196172	0.0159574	0.0	0.0	0.0	0.0	0.0	0.0	0.0	0.0	0.0	0.0	0.0	0.0299401	0.0559441	0.0625	0.0696517	0.0040161	0.0	0.0	0.0	0.0	0.0	0.0	0.0	0.0	0.0	0.0	0.0	0.0	
Empidonax sp.	0.0	0.0	0.0	0.0	0.0	0.0	0.0	0.0	0.0	0.0	0.0	0.0	0.0	0.0	0.0	0.0047619	0.0047619	0.035533	0.076555	0.0638298	0.0458716	0.0	0.0	0.0	0.0	0.0	0.0	0.0	0.0140845	0.0714286	0.1290323	0.1317365	0.1188811	0.1375	0.119403	0.064257	0.0106952	0.005618	0.0	0.0	0.0	0.0	0.0	0.0	0.0	0.0	0.0	0.0	
Eastern Phoebe	0.0	0.0	0.0	0.0	0.0	0.0	0.0	0.0	0.0095238	0.0	0.1428571	0.3564356	0.5036496	0.2771084	0.01875	0.0238095	0.0047619	0.0050761	0.0143541	0.0	0.0091743	0.0	0.0	0.0	0.0	0.0	0.0131579	0.0	0.0	0.0142857	0.0537634	0.0239521	0.041958	0.0125	0.2487562	0.5220884	0.5614973	0.6292135	0.4851485	0.4173913	0.190184	0.047619	0.0254237	0.0063694	0.0	0.0	0.0	0.0	
Great Crested Flycatcher	0.0	0.0	0.0	0.0	0.0	0.0	0.0	0.0	0.0	0.0	0.0	0.0	0.0	0.0	0.0	0.0047619	0.0809524	0.0304569	0.0430622	0.0531915	0.0366972	0.0	0.0	0.0015	0.0	0.0	0.0	0.0	0.0	0.0	0.0	0.0239521	0.013986	0.0375	0.0149254	0.0	0.0	0.0	0.0	0.0	0.0	0.0	0.0	0.0	0.0	0.0	0.0	0.0	
Eastern Kingbird	0.0	0.0	0.0	0.0	0.0	0.0	0.0	0.0	0.0	0.0	0.0	0.0	0.0	0.0	0.0	0.0095238	0.0285714	0.035533	0.0143541	0.0265957	0.0275229	0.0	0.0	0.0	0.0144928	0.0	0.0	0.0091743	0.0140845	0.0142857	0.0537634	0.0718563	0.020979	0.01875	0.0	0.0040161	0.0	0.0	0.0	0.0	0.0	0.0	0.0	0.0	0.0	0.0	0.0	0.0	
new world flycatcher sp.	0.0	0.0	0.0	0.0	0.0	0.0	0.0	0.0	0.0	0.0	0.0	0.0	0.0	0.0	0.0	0.0	0.0	0.0	0.0	0.0	0.0	0.0	0.0	0.0	0.0	0.0	0.0	0.0	0.0	0.0	0.0215054	0.0	0.013986	0.00625	0.0149254	0.0	0.0	0.0	0.0	0.0	0.0	0.0	0.0	0.0	0.0	0.0	0.0	0.0	
White-eyed Vireo	0.0	0.0	0.0	0.0	0.0	0.0	0.0	0.0	0.0	0.0	0.0	0.0	0.0	0.0	0.0	0.0190476	0.0047619	0.0	0.0	0.0	0.0091743	0.0	0.0	0.0	0.0	0.0	0.0	0.0	0.0	0.0	0.0	0.0	0.006993	0.0	0.0	0.0	0.0	0.0	0.0346535	0.0	0.0	0.0	0.0	0.0	0.0	0.0	0.0	0.0	
Yellow-throated Vireo	0.0	0.0	0.0	0.0	0.0	0.0	0.0	0.0	0.0	0.0	0.0	0.0	0.0	0.0	0.0	0.0	0.0	0.0203046	0.0047847	0.0	0.0	0.0	0.0	0.0	0.0	0.0	0.0	0.0	0.0	0.0	0.0	0.0	0.027972	0.00625	0.0	0.0	0.0	0.0	0.0	0.0	0.0	0.0	0.0	0.0	0.0	0.0	0.0	0.0	
Blue-headed Vireo	0.0	0.0	0.0	0.0	0.0	0.0	0.0	0.0	0.0	0.0	0.0	0.0	0.0	0.0	0.025	0.0809524	0.1142857	0.1573604	0.0717703	0.0053191	0.0	0.0	0.0	0.0	0.0	0.0	0.0	0.0	0.0	0.0	0.0	0.0	0.0	0.00625	0.0149254	0.0160643	0.0695187	0.1292135	0.1188119	0.0478261	0.0122699	0.0068027	0.0	0.0	0.0	0.0	0.0	0.0	
Philadelphia Vireo	0.0	0.0	0.0	0.0	0.0	0.0	0.0	0.0	0.0	0.0	0.0	0.0	0.0	0.0	0.0	0.0	0.0	0.0	0.0	0.0	0.0	0.0	0.0	0.0	0.0	0.0	0.0	0.0	0.0	0.0	0.0	0.0	0.0	0.0	0.0149254	0.0	0.0	0.0	0.0	0.0	0.0	0.0	0.0	0.0	0.0	0.0	0.0	0.0	
Warbling Vireo	0.0	0.0	0.0	0.0	0.0	0.0	0.0	0.0	0.0	0.0	0.0	0.0	0.0	0.0	0.0	0.0095238	0.0571429	0.0609137	0.15311	0.037234	0.0458716	0.012987	0.0	0.0	0.0	0.0	0.0	0.0458716	0.1408451	0.1428571	0.2258065	0.1317365	0.041958	0.01875	0.0348259	0.0040161	0.0	0.0	0.0	0.0	0.0	0.0	0.0	0.0	0.0	0.0	0.0	0.0	
Philadelphia/Warbling Vireo	0.0	0.0	0.0	0.0	0.0	0.0	0.0	0.0	0.0	0.0	0.0	0.0	0.0	0.0	0.0	0.0	0.0	0.0	0.0	0.0	0.0	0.0	0.0	0.0	0.0	0.0	0.0	0.0	0.0	0.0	0.0	0.0	0.0	0.0	0.0	0.0040161	0.0	0.0	0.0	0.0	0.0	0.0	0.0	0.0	0.0	0.0	0.0	0.0	
Red-eyed Vireo	0.0	0.0	0.0	0.0	0.0	0.0	0.0	0.0	0.0	0.0	0.0	0.0	0.0	0.0	0.0	0.0	0.0095238	0.0253807	0.1483254	0.0957447	0.0275229	0.012987	0.0	0.0	0.0	0.0	0.0	0.0	0.0140845	0.0	0.0107527	0.0239521	0.1538462	0.1375	0.1442786	0.1124498	0.0695187	0.0505618	0.0148515	0.0	0.0	0.0	0.0	0.0	0.0	0.0	0.0	0.0	
vireo sp.	0.0	0.0	0.0	0.0	0.0	0.0	0.0	0.0	0.0	0.0	0.0	0.0	0.0	0.0	0.0	0.0	0.0	0.0	0.0	0.0	0.0	0.0	0.0	0.0	0.0	0.0	0.0	0.0	0.0	0.0	0.0	0.0	0.006993	0.0	0.0	0.0040161	0.0	0.0	0.0	0.0	0.0	0.0	0.0	0.0	0.0	0.0	0.0	0.0	
Blue Jay	0.1371429	0.0765027	0.125	0.1244444	0.1458333	0.1805556	0.1119403	0.1875	0.1333333	0.1415929	0.1619048	0.1831683	0.1605839	0.0903614	0.05	0.1571429	0.2238095	0.2741117	0.1913876	0.1223404	0.0458716	0.038961	0.0493827	0.046729	0.0289855	0.0246914	0.0394737	0.0	0.0422535	0.0857143	0.0752688	0.0419162	0.0909091	0.08125	0.1641791	0.2931727	0.3475936	0.3764045	0.4257426	0.3652174	0.3619632	0.3401361	0.2457627	0.2675159	0.2358491	0.2123894	0.1938776	0.2030075	
American Crow	0.2057143	0.1803279	0.202381	0.1511111	0.2013889	0.2152778	0.1567164	0.2578125	0.2380952	0.1946903	0.1904762	0.2772277	0.1678832	0.1204819	0.175	0.1714286	0.1904762	0.1269036	0.1052632	0.1382979	0.0825688	0.0909091	0.0864198	0.0934579	0.1449275	0.1111111	0.1315789	0.0733945	0.0985915	0.1285714	0.1290323	0.1137725	0.0559441	0.05	0.119403	0.1285141	0.1871658	0.1685393	0.1732673	0.226087	0.2269939	0.2040816	0.220339	0.3057325	0.3207547	0.2743363	0.2142857	0.2105263	
Fish Crow	0.0057143	0.010929	0.0357143	0.0177778	0.0208333	0.0138889	0.0223881	0.0078125	0.0571429	0.0707965	0.1047619	0.1336634	0.1021898	0.0903614	0.0875	0.052381	0.0714286	0.0456853	0.0430622	0.0212766	0.0183486	0.012987	0.0246914	0.0654206	0.0434783	0.037037	0.0263158	0.0275229	0.056338	0.0571429	0.0430108	0.005988	0.013986	0.0	0.0	0.0040161	0.0	0.005618	0.0	0.0130435	0.006135	0.0	0.0084746	0.0254777	0.0	0.0176991	0.0102041	0.0	
crow sp.	0.0114286	0.010929	0.0238095	0.0222222	0.0138889	0.0069444	0.0447761	0.015625	0.0190476	0.0088496	0.047619	0.039604	0.0729927	0.0421687	0.06875	0.052381	0.0904762	0.0659898	0.0526316	0.0638298	0.0642202	0.012987	0.0864198	0.0654206	0.0869565	0.037037	0.0263158	0.0183486	0.028169	0.0285714	0.0322581	0.011976	0.013986	0.01875	0.0099502	0.0240964	0.0	0.0337079	0.009901	0.0086957	0.0306748	0.0408163	0.0169492	0.0382166	0.0188679	0.0176991	0.0102041	0.037594	
Common Raven	0.0114286	0.0437158	0.0595238	0.0311111	0.0277778	0.0416667	0.0671642	0.1875	0.3047619	0.2212389	0.2095238	0.1782178	0.1970803	0.1927711	0.2125	0.1809524	0.2238095	0.2385787	0.1578947	0.0797872	0.0366972	0.012987	0.0246914	0.0093458	0.0144928	0.0	0.0	0.0091743	0.028169	0.0571429	0.0215054	0.005988	0.013986	0.075	0.0199005	0.0281124	0.0320856	0.0449438	0.0742574	0.0347826	0.0429448	0.0612245	0.0254237	0.0509554	0.0849057	0.0176991	0.0510204	0.0075188	
crow/raven sp.	0.0057143	0.0	0.0059524	0.0044444	0.0	0.0	0.0	0.0	0.0	0.0	0.0	0.0049505	0.0	0.0060241	0.0	0.0047619	0.0	0.0	0.0047847	0.0	0.0091743	0.012987	0.0123457	0.0	0.0	0.0	0.0	0.0	0.0	0.0	0.0	0.0	0.0	0.0	0.0049751	0.0	0.0	0.005618	0.009901	0.0043478	0.0	0.0	0.0	0.0	0.0	0.0	0.0102041	0.0	
Black-capped Chickadee	0.0	0.0	0.0015	0.0044444	0.0069444	0.0069444	0.0074627	0.0	0.0	0.0088496	0.0285714	0.049505	0.0583942	0.0240964	0.00625	0.0047619	0.0	0.0	0.0047847	0.0015	0.0091743	0.0	0.0123457	0.0015	0.0	0.0	0.0	0.0	0.0	0.0	0.0	0.0	0.0	0.00625	0.0	0.0	0.0	0.011236	0.0346535	0.1391304	0.1411043	0.1768707	0.1101695	0.044586	0.0188679	0.0	0.0204082	0.0075188	
Tufted Titmouse	0.0742857	0.0273224	0.0059524	0.0133333	0.0	0.0	0.0149254	0.0	0.0	0.0176991	0.0285714	0.029703	0.0583942	0.0060241	0.025	0.0142857	0.0	0.0304569	0.0047847	0.0	0.0	0.0	0.0	0.0	0.0	0.0	0.0	0.0	0.0	0.0	0.0107527	0.0	0.0	0.0	0.0	0.0	0.0053476	0.0168539	0.0841584	0.1434783	0.0797546	0.1156463	0.0762712	0.0700637	0.0283019	0.0353982	0.0408163	0.037594	
Bank Swallow	0.0	0.0	0.0	0.0	0.0	0.0	0.0	0.0	0.0	0.0	0.0	0.0	0.0	0.0	0.0	0.0	0.0047619	0.0	0.0	0.0	0.0	0.0	0.0	0.0015	0.0	0.0	0.0	0.0091743	0.0	0.0	0.0	0.0	0.0	0.0	0.0	0.0	0.0	0.0	0.0	0.0	0.0	0.0	0.0	0.0	0.0	0.0	0.0	0.0	
Tree Swallow	0.0	0.0	0.0	0.0	0.0	0.0	0.0	0.0	0.0	0.0	0.0	0.0	0.0	0.0060241	0.00625	0.0190476	0.0238095	0.0	0.0191388	0.0106383	0.0091743	0.038961	0.0	0.0280374	0.0	0.0123457	0.0394737	0.0	0.0140845	0.0428571	0.0107527	0.0	0.0	0.0	0.0	0.0	0.0	0.0	0.0	0.0043478	0.0	0.0	0.0	0.0	0.0	0.0	0.0	0.0	
Barn Swallow	0.0	0.0	0.0	0.0	0.0	0.0	0.0	0.0	0.0	0.0	0.0	0.0	0.0218978	0.0662651	0.1875	0.4047619	0.5904762	0.7258883	0.861244	0.8457447	0.8990826	0.9090909	0.8641975	0.9158879	0.8695652	0.8765432	0.9078947	0.7981651	0.8450704	0.8571429	0.7741935	0.3053892	0.006993	0.0	0.0	0.0	0.0	0.0	0.0	0.0	0.0	0.0	0.0	0.0	0.0	0.0	0.0	0.0	
swallow sp.	0.0	0.0	0.0	0.0	0.0	0.0	0.0	0.0	0.0	0.0	0.0	0.0	0.0	0.0	0.0	0.0047619	0.0047619	0.0152284	0.0047847	0.0	0.0	0.012987	0.0	0.0	0.0	0.0	0.0	0.0	0.0140845	0.0	0.0	0.0	0.0	0.0	0.0	0.0	0.0	0.0	0.0	0.0	0.0	0.0	0.0	0.0	0.0	0.0	0.0	0.0	
Ruby-crowned Kinglet	0.0057143	0.010929	0.0059524	0.0044444	0.0277778	0.0	0.0	0.0	0.0095238	0.0088496	0.0	0.0049505	0.0510949	0.2228916	0.33125	0.352381	0.3428571	0.1472081	0.0287081	0.0	0.0	0.0	0.0	0.0	0.0	0.0	0.0	0.0	0.0	0.0	0.0107527	0.005988	0.0	0.00625	0.0497512	0.3172691	0.5508021	0.6460674	0.7920792	0.7434783	0.5092025	0.2517007	0.1610169	0.0700637	0.0471698	0.0265487	0.0204082	0.0075188	
Golden-crowned Kinglet	0.0	0.0	0.0	0.0	0.0	0.0	0.0	0.0	0.0	0.0	0.0285714	0.2029703	0.1532847	0.1325301	0.025	0.0	0.0	0.0	0.0	0.0	0.0	0.0	0.0	0.0	0.0	0.0	0.0	0.0	0.0	0.0	0.0	0.0	0.0	0.0	0.0	0.0240964	0.2032086	0.3314607	0.3663366	0.4	0.2883436	0.1292517	0.0169492	0.0127389	0.0188679	0.0	0.0102041	0.0	
Ruby-crowned/Golden-crowned Kinglet	0.0	0.0	0.0	0.0	0.0	0.0	0.0	0.0	0.0	0.0	0.0	0.0	0.0	0.0060241	0.0	0.0	0.0	0.0	0.0	0.0	0.0	0.0	0.0	0.0	0.0	0.0	0.0	0.0	0.0	0.0	0.0	0.0	0.0	0.0	0.0	0.0	0.0	0.005618	0.0	0.0	0.0	0.0	0.0	0.0	0.0	0.0	0.0	0.0	
White-breasted Nuthatch	0.0	0.0	0.0	0.0	0.0069444	0.0	0.0	0.0	0.0	0.0	0.0095238	0.009901	0.0072993	0.0060241	0.0	0.0	0.0	0.0	0.0	0.0	0.0	0.0	0.0	0.0	0.0	0.0	0.0	0.0	0.0	0.0	0.0	0.0	0.0	0.0	0.0049751	0.0	0.0160428	0.0393258	0.0247525	0.0086957	0.006135	0.0	0.0084746	0.0063694	0.0	0.0	0.0	0.0	
Red-breasted Nuthatch	0.0	0.0	0.0	0.0	0.0	0.0	0.0	0.0	0.0	0.0	0.0	0.0	0.0	0.0060241	0.01875	0.0285714	0.0142857	0.035533	0.0095694	0.0	0.0091743	0.0	0.0	0.0	0.0	0.0	0.0	0.0	0.0	0.0	0.0322581	0.0359281	0.0699301	0.05	0.079602	0.060241	0.0374332	0.1011236	0.0693069	0.0043478	0.0184049	0.0	0.0	0.0015	0.0	0.0	0.0	0.0	
nuthatch sp.	0.0	0.0	0.0	0.0	0.0	0.0	0.0	0.0	0.0	0.0	0.0	0.0	0.0	0.0	0.0	0.0	0.0	0.0	0.0	0.0	0.0	0.0	0.0	0.0	0.0	0.0	0.0	0.0	0.0	0.0	0.0	0.0	0.0	0.0	0.0	0.0	0.0	0.0	0.0	0.0	0.006135	0.0	0.0	0.0	0.0	0.0	0.0	0.0	
Brown Creeper	0.0	0.0	0.0	0.0	0.0	0.0	0.0	0.0	0.0	0.0	0.0	0.0643564	0.0656934	0.060241	0.06875	0.0	0.0	0.0	0.0	0.0	0.0	0.0	0.0	0.0	0.0	0.0	0.0	0.0	0.0	0.0	0.0	0.0	0.0	0.0	0.0049751	0.0562249	0.0962567	0.1011236	0.0940594	0.1	0.0306748	0.0272109	0.0084746	0.0	0.0	0.0	0.0	0.0	
Blue-gray Gnatcatcher	0.0	0.0	0.0	0.0	0.0	0.0	0.0	0.0	0.0	0.0	0.0	0.0	0.0	0.0	0.0125	0.0095238	0.0571429	0.0304569	0.0095694	0.0	0.0091743	0.0	0.0	0.0	0.0	0.0	0.0	0.0	0.0	0.0	0.0107527	0.0	0.0	0.0125	0.0298507	0.0040161	0.0	0.005618	0.0049505	0.0	0.0	0.0	0.0	0.0	0.0	0.0	0.0	0.0	
House Wren	0.0	0.0	0.0	0.0	0.0	0.0	0.0	0.0	0.0	0.0	0.0	0.0	0.0	0.0120482	0.05625	0.1285714	0.1904762	0.1319797	0.0717703	0.0053191	0.0	0.0	0.0	0.0093458	0.0	0.0	0.0	0.0091743	0.0140845	0.0428571	0.0322581	0.0	0.027972	0.05	0.1542289	0.1967871	0.171123	0.1573034	0.0891089	0.0565217	0.006135	0.0136054	0.0	0.0191083	0.0377358	0.0176991	0.0204082	0.0150376	
Winter Wren	0.0114286	0.0	0.0	0.0	0.0	0.0	0.0	0.0	0.0095238	0.0	0.0	0.0049505	0.0	0.0	0.00625	0.0190476	0.0095238	0.0	0.0	0.0	0.0	0.0	0.0	0.0	0.0	0.0	0.0	0.0	0.0	0.0	0.0	0.0	0.0	0.0	0.0348259	0.0120482	0.0213904	0.0561798	0.0346535	0.1391304	0.0858896	0.0408163	0.0254237	0.0191083	0.0	0.0176991	0.0204082	0.0075188	
Marsh Wren	0.0	0.0	0.0	0.0	0.0	0.0	0.0	0.0	0.0	0.0	0.0	0.0	0.0	0.0120482	0.0	0.0	0.0095238	0.0964467	0.0191388	0.0053191	0.0	0.0	0.0	0.0015	0.0	0.0	0.0	0.0	0.0	0.0142857	0.0	0.005988	0.0	0.00625	0.0199005	0.0080321	0.026738	0.0224719	0.009901	0.0173913	0.0122699	0.0	0.0	0.0	0.0	0.0	0.0	0.0	
Carolina Wren	0.0628571	0.0437158	0.0595238	0.0311111	0.0277778	0.0069444	0.0074627	0.03125	0.0666667	0.0353982	0.0190476	0.0049505	0.0	0.0060241	0.0	0.0190476	0.0428571	0.0152284	0.0095694	0.0053191	0.0091743	0.012987	0.0123457	0.0093458	0.0724638	0.0493827	0.0789474	0.1192661	0.2112676	0.2285714	0.2258065	0.2994012	0.2587413	0.21875	0.238806	0.1767068	0.1283422	0.1067416	0.0990099	0.1565217	0.1165644	0.0748299	0.0508475	0.0191083	0.0566038	0.0442478	0.0306122	0.0526316	
wren sp.	0.0	0.0	0.0	0.0	0.0	0.0	0.0	0.0	0.0	0.0	0.0	0.0	0.0	0.0	0.0	0.0	0.0142857	0.0050761	0.0	0.0	0.0	0.0	0.0	0.0	0.0	0.0	0.0	0.0	0.0	0.0	0.0	0.0	0.0	0.0	0.0049751	0.0160643	0.0	0.011236	0.019802	0.0130435	0.0	0.0	0.0	0.0	0.0	0.0	0.0	0.0	
European Starling	0.4114286	0.431694	0.3511905	0.4088889	0.4236111	0.5138889	0.5820896	0.4765625	0.6	0.7256637	0.7428571	0.7722772	0.810219	0.8493976	0.88125	0.9285714	0.8333333	0.893401	0.9138756	0.9095745	0.9266055	0.9220779	0.9506173	0.9345794	0.8405797	0.9135802	0.9078947	0.8899083	0.8450704	0.9142857	0.9354839	0.9041916	0.9090909	0.88125	0.920398	0.8353414	0.8395722	0.8202247	0.8069307	0.8	0.797546	0.7142857	0.6355932	0.6050955	0.4811321	0.5840708	0.5612245	0.4962406	
Gray Catbird	0.2971429	0.3114754	0.2619048	0.2844444	0.1527778	0.125	0.0447761	0.0703125	0.0	0.0	0.0285714	0.009901	0.0	0.0120482	0.00625	0.352381	0.8428571	0.928934	0.9282297	0.9468085	0.9174312	0.9350649	0.9259259	0.8691589	0.8550725	0.8271605	0.8815789	0.8807339	0.8873239	0.9428571	0.9569892	0.8802395	0.9370629	0.91875	0.9303483	0.939759	0.9411765	0.8483146	0.8069307	0.7608696	0.6503067	0.6054422	0.5677966	0.5477707	0.6132075	0.5663717	0.5204082	0.4210526	
Brown Thrasher	0.0	0.0	0.0297619	0.0044444	0.0208333	0.0208333	0.0223881	0.046875	0.0285714	0.0353982	0.0761905	0.0792079	0.0729927	0.0180723	0.04375	0.0571429	0.1190476	0.035533	0.0191388	0.0053191	0.0	0.025974	0.0123457	0.0	0.0	0.0	0.0	0.0	0.0	0.0	0.0	0.0	0.0	0.0	0.0248756	0.0682731	0.0534759	0.0955056	0.0049505	0.0130435	0.006135	0.0015	0.0084746	0.0	0.0	0.0	0.0	0.0	
Northern Mockingbird	0.5828571	0.5464481	0.4285714	0.4488889	0.4791667	0.5277778	0.5074627	0.5625	0.5619048	0.6017699	0.7428571	0.7970297	0.7591241	0.7048193	0.7375	0.7619048	0.5857143	0.6446701	0.6124402	0.6861702	0.7981651	0.7922078	0.7777778	0.7476636	0.7826087	0.8395062	0.7894737	0.8440367	0.7605634	0.7428571	0.7311828	0.6347305	0.6643357	0.6125	0.6318408	0.6385542	0.6898396	0.7134831	0.7673267	0.7434783	0.7239264	0.6938776	0.6694915	0.5987261	0.6320755	0.6460177	0.5816327	0.6090226	
Eastern Bluebird	0.0	0.0	0.0	0.0	0.0	0.0	0.0	0.0	0.0	0.0	0.0	0.0	0.0	0.0	0.0	0.0	0.0	0.0	0.0	0.0	0.0	0.0	0.0	0.0	0.0	0.0	0.0	0.0	0.0	0.0	0.0	0.0	0.0	0.0	0.0	0.0	0.0	0.0	0.0	0.0173913	0.006135	0.0068027	0.0084746	0.0127389	0.0	0.0	0.0	0.0	
Veery	0.0	0.0	0.0	0.0	0.0	0.0	0.0	0.0	0.0	0.0	0.0	0.0	0.0	0.0	0.0	0.0190476	0.0952381	0.1928934	0.1052632	0.0159574	0.0183486	0.0	0.0	0.0	0.0	0.0	0.0	0.0	0.0	0.0	0.0	0.1137725	0.3006993	0.29375	0.2338308	0.1004016	0.026738	0.0168539	0.0049505	0.0	0.0	0.0	0.0	0.0	0.0	0.0	0.0306122	0.0	
Gray-cheeked Thrush	0.0	0.0	0.0	0.0	0.0	0.0	0.0	0.0	0.0	0.0	0.0	0.0	0.0	0.0	0.0	0.0	0.0	0.0	0.0047847	0.0053191	0.0	0.0	0.0	0.0	0.0	0.0	0.0	0.0	0.0	0.0	0.0	0.0	0.0	0.0	0.0099502	0.0401606	0.026738	0.0168539	0.0049505	0.0	0.0	0.0	0.0	0.0	0.0	0.0	0.0	0.0	
Gray-cheeked/Bicknell's Thrush	0.0	0.0	0.0	0.0	0.0	0.0	0.0	0.0	0.0	0.0	0.0	0.0	0.0	0.0	0.0	0.0	0.0	0.0	0.0	0.0	0.0	0.0	0.0	0.0	0.0	0.0	0.0	0.0	0.0	0.0	0.0	0.0	0.0	0.0	0.0	0.0080321	0.0053476	0.0	0.0	0.0	0.0	0.0	0.0	0.0	0.0	0.0	0.0	0.0	
Swainson's Thrush	0.0	0.0	0.0	0.0	0.0	0.0	0.0	0.0	0.0	0.0	0.0	0.0	0.0	0.0	0.0	0.0	0.0428571	0.1928934	0.2870813	0.143617	0.0550459	0.0	0.0123457	0.0	0.0	0.0	0.0	0.0	0.0	0.0	0.0	0.011976	0.0559441	0.1875	0.39801	0.3694779	0.2032086	0.1853933	0.0891089	0.0086957	0.0	0.0	0.0084746	0.0	0.0	0.0	0.0	0.0	
Hermit Thrush	0.0914286	0.0655738	0.0952381	0.0533333	0.0347222	0.0347222	0.0	0.0078125	0.0095238	0.0088496	0.0	0.0148515	0.2189781	0.3433735	0.3625	0.3761905	0.252381	0.106599	0.0191388	0.0	0.0	0.0	0.0	0.0093458	0.0	0.0	0.0	0.0	0.0	0.0	0.0	0.0	0.0	0.0	0.0	0.0	0.0588235	0.2078652	0.450495	0.6347826	0.7177914	0.5646259	0.5338983	0.3375796	0.1886792	0.2300885	0.3061224	0.1052632	
Catharus sp.	0.0	0.0	0.0	0.0	0.0	0.0	0.0	0.0	0.0	0.0	0.0	0.0	0.0	0.0	0.0	0.0	0.0095238	0.0152284	0.0095694	0.0053191	0.0	0.0	0.0	0.0	0.0	0.0	0.0	0.0	0.0	0.0	0.0	0.005988	0.006993	0.0125	0.0149254	0.0281124	0.0015	0.0168539	0.0	0.0	0.0	0.0	0.0	0.0	0.0	0.0	0.0	0.0	
Wood Thrush	0.0	0.0	0.0	0.0	0.0	0.0	0.0	0.0	0.0	0.0	0.0	0.0	0.0	0.0	0.0	0.0285714	0.1857143	0.1827411	0.062201	0.0319149	0.0091743	0.0	0.0123457	0.0015	0.0	0.0	0.0	0.0	0.0	0.0	0.0	0.0	0.0	0.0125	0.0348259	0.0281124	0.026738	0.005618	0.009901	0.0	0.0	0.0	0.0	0.0	0.0	0.0	0.0	0.0	
American Robin	0.7142857	0.6448087	0.5297619	0.5733333	0.5833333	0.625	0.5820896	0.6953125	0.7047619	0.7345133	0.8095238	0.9207921	0.9343066	0.8975904	0.9375	0.9333333	0.9095238	0.9543147	0.923445	0.9361702	0.9357798	0.8961039	0.962963	0.9626168	0.884058	0.9012346	0.8815789	0.8715596	0.8309859	0.8428571	0.9354839	0.8203593	0.8811189	0.8125	0.8606965	0.8273092	0.8395722	0.8314607	0.7772277	0.7913043	0.7546012	0.7823129	0.7457627	0.7006369	0.7264151	0.7787611	0.6632653	0.7669173	
Cedar Waxwing	0.0228571	0.0	0.0059524	0.0044444	0.0	0.0	0.0074627	0.0	0.0	0.0	0.0	0.0	0.0	0.0	0.0	0.0	0.0	0.0253807	0.1578947	0.3989362	0.6605505	0.7142857	0.5925926	0.635514	0.5797101	0.5555556	0.5526316	0.266055	0.1690141	0.1142857	0.1397849	0.0838323	0.1608392	0.14375	0.2039801	0.1325301	0.0695187	0.0730337	0.019802	0.073913	0.0920245	0.0884354	0.1355932	0.1146497	0.1037736	0.0530973	0.0510204	0.0300752	
House Sparrow	0.6457143	0.5628415	0.5178571	0.6311111	0.5833333	0.7152778	0.7537313	0.703125	0.7333333	0.7787611	0.8571429	0.8613861	0.919708	0.8915663	0.90625	0.9333333	0.8857143	0.9035533	0.9330144	0.8723404	0.9357798	0.9220779	0.9506173	0.953271	0.9565217	0.9876543	0.9078947	0.9174312	0.943662	0.9428571	0.9354839	0.9221557	0.9160839	0.9125	0.9303483	0.8835341	0.8663102	0.8932584	0.8663366	0.8869565	0.8650307	0.8027211	0.7881356	0.7898089	0.8018868	0.7610619	0.7244898	0.6315789	
House Finch	0.0114286	0.0163934	0.0	0.0044444	0.0069444	0.0416667	0.0671642	0.109375	0.152381	0.159292	0.2571429	0.3415842	0.2992701	0.2891566	0.34375	0.4380952	0.4095238	0.5837563	0.5311005	0.4680851	0.3944954	0.4155844	0.3950617	0.364486	0.2753623	0.1111111	0.1842105	0.0825688	0.056338	0.0142857	0.0	0.005988	0.020979	0.03125	0.0099502	0.0481928	0.0427807	0.0224719	0.0346535	0.0434783	0.0552147	0.0136054	0.0423729	0.0127389	0.0188679	0.0353982	0.0408163	0.0075188	
Purple Finch	0.0	0.0	0.0	0.0	0.0	0.0	0.0	0.0	0.0	0.0	0.0	0.0	0.0	0.0	0.0	0.0142857	0.0047619	0.0152284	0.0	0.0	0.0	0.0	0.0	0.0	0.0	0.0	0.0	0.0	0.0	0.0	0.0	0.0	0.0	0.00625	0.0248756	0.0120482	0.0053476	0.0224719	0.019802	0.026087	0.006135	0.0204082	0.0	0.0	0.0	0.0088496	0.0	0.0	
House/Purple Finch	0.0	0.0	0.0	0.0	0.0	0.0	0.0	0.0	0.0	0.0	0.0	0.0	0.0	0.0	0.00625	0.0	0.0	0.0	0.0	0.0	0.0	0.0	0.0	0.0	0.0	0.0	0.0	0.0	0.0	0.0	0.0	0.0	0.006993	0.0	0.0	0.0	0.0	0.0	0.0	0.0	0.0	0.0	0.0	0.0	0.0	0.0	0.0	0.0	
Yellow-fronted Canary	0.0	0.0	0.0	0.0	0.0	0.0	0.0	0.0	0.0	0.0	0.0	0.0	0.0	0.0	0.0	0.0	0.0	0.0	0.0	0.0	0.0	0.0	0.0	0.0	0.0	0.0	0.0	0.0	0.0	0.0	0.0	0.0	0.0	0.0	0.0	0.0	0.0	0.0	0.0	0.0043478	0.0	0.0	0.0	0.0	0.0	0.0	0.0	0.0	
European Goldfinch	0.0	0.0	0.0	0.0	0.0	0.0	0.0	0.0	0.0	0.0	0.0	0.0	0.0	0.0	0.0	0.0047619	0.0	0.0	0.0	0.0	0.0	0.0	0.0	0.0	0.0	0.0	0.0	0.0	0.0	0.0	0.0	0.005988	0.0	0.0	0.0	0.0	0.0	0.0	0.0	0.0	0.0	0.0	0.0	0.0	0.0	0.0	0.0	0.0	
Pine Siskin	0.0	0.0	0.0059524	0.0044444	0.0	0.0	0.0	0.0	0.0	0.0	0.0	0.0	0.0	0.0	0.0	0.0	0.0	0.0	0.0	0.0	0.0	0.0	0.0	0.0	0.0	0.0	0.0	0.0	0.0	0.0	0.0	0.0	0.0	0.0	0.0	0.0	0.0	0.0561798	0.0891089	0.1	0.0736196	0.0	0.0	0.0127389	0.009434	0.0	0.0	0.0	
American Goldfinch	0.0057143	0.010929	0.0059524	0.0044444	0.0138889	0.0069444	0.0223881	0.0	0.0	0.0	0.0	0.0049505	0.0145985	0.0120482	0.025	0.0809524	0.1238095	0.1675127	0.1100478	0.1542553	0.1284404	0.0779221	0.037037	0.0934579	0.0724638	0.0246914	0.0394737	0.1284404	0.1267606	0.3285714	0.2150538	0.2275449	0.2097902	0.11875	0.1243781	0.1967871	0.2032086	0.2134831	0.2673267	0.2652174	0.2392638	0.2993197	0.2966102	0.1974522	0.1415094	0.0707965	0.0612245	0.0075188	
Spinus sp.	0.0	0.0	0.0	0.0	0.0	0.0	0.0	0.0	0.0	0.0	0.0	0.0	0.0	0.0	0.0	0.0	0.0	0.0	0.0	0.0	0.0	0.0	0.0	0.0	0.0	0.0	0.0	0.0	0.0	0.0	0.0	0.0	0.0	0.0	0.0	0.0	0.0	0.0	0.0	0.0	0.006135	0.0	0.0	0.0	0.0	0.0	0.0	0.0	
finch sp.	0.0	0.0	0.0	0.0	0.0	0.0	0.0	0.0	0.0	0.0	0.0	0.0	0.0	0.0060241	0.0	0.0	0.0	0.0	0.0	0.0	0.0	0.0	0.0	0.0	0.0	0.0	0.0	0.0	0.0	0.0	0.0	0.0	0.0	0.0	0.0	0.0	0.0	0.0	0.0	0.0	0.0	0.0068027	0.0	0.0	0.0	0.0	0.0	0.0	
Grasshopper Sparrow	0.0	0.0	0.0	0.0	0.0	0.0	0.0	0.0	0.0	0.0	0.0	0.0	0.0	0.0	0.0	0.0	0.0	0.0	0.0	0.0	0.0	0.0	0.0	0.0	0.0	0.0	0.0	0.0	0.0	0.0	0.0	0.0	0.0	0.0	0.0	0.0	0.0	0.0	0.0	0.0	0.0	0.0068027	0.0	0.0	0.0	0.0	0.0	0.0	
Chipping Sparrow	0.0	0.0	0.0	0.0	0.0	0.0	0.0	0.0	0.0	0.0	0.0	0.009901	0.0875912	0.1987952	0.25	0.3333333	0.3619048	0.3096447	0.0287081	0.0015	0.0	0.0	0.0	0.0	0.0	0.0123457	0.0	0.0	0.0140845	0.0	0.0	0.0	0.0	0.01875	0.0	0.064257	0.0481283	0.1966292	0.2326733	0.2782609	0.1411043	0.0680272	0.0508475	0.0382166	0.0015	0.0	0.0	0.0	
Clay-colored Sparrow	0.0	0.0	0.0	0.0	0.0	0.0	0.0	0.0	0.0	0.0	0.0	0.0	0.0	0.0	0.0	0.0	0.0	0.0	0.0	0.0	0.0	0.0	0.0	0.0	0.0	0.0	0.0	0.0	0.0	0.0	0.0	0.0	0.0	0.0	0.0099502	0.0441767	0.0	0.0	0.009901	0.0043478	0.0	0.0	0.0	0.0254777	0.0	0.0	0.0	0.0	
Field Sparrow	0.12	0.1256831	0.0178571	0.0222222	0.0	0.0486111	0.0149254	0.0625	0.0095238	0.0088496	0.0190476	0.0148515	0.1094891	0.1746988	0.24375	0.2047619	0.1	0.1167513	0.0047847	0.0	0.0	0.0	0.0	0.0	0.0	0.0	0.0	0.0	0.0	0.0	0.0	0.0	0.0	0.0	0.0099502	0.0040161	0.0	0.1011236	0.2029703	0.2695652	0.0736196	0.0340136	0.0508475	0.0191083	0.0283019	0.0088496	0.0510204	0.0977444	
Lark Sparrow	0.0	0.0	0.0	0.0	0.0	0.0	0.0	0.0	0.0	0.0	0.0	0.0	0.0	0.0	0.0	0.0	0.0	0.0	0.0	0.0	0.0	0.0	0.0	0.0	0.0	0.0	0.0	0.0	0.0	0.0	0.0	0.0	0.013986	0.0	0.0	0.0080321	0.0	0.0	0.0	0.0	0.0	0.0	0.0	0.0	0.0	0.0	0.0	0.0	
American Tree Sparrow	0.0	0.0	0.0	0.0133333	0.0069444	0.0069444	0.0074627	0.0078125	0.0	0.0	0.0	0.0	0.0	0.0	0.0	0.0	0.0	0.0	0.0	0.0	0.0	0.0	0.0	0.0	0.0	0.0	0.0	0.0	0.0	0.0	0.0	0.0	0.0	0.0	0.0	0.0	0.0	0.0	0.0	0.0	0.006135	0.0068027	0.0084746	0.0636943	0.0	0.0	0.0	0.0150376	
Fox Sparrow	0.0285714	0.0546448	0.0238095	0.0977778	0.0138889	0.0208333	0.0597015	0.109375	0.1047619	0.079646	0.0857143	0.3613861	0.1605839	0.0361446	0.01875	0.0	0.0	0.0	0.0	0.0	0.0	0.0	0.0	0.0	0.0	0.0	0.0	0.0	0.0	0.0	0.0	0.0	0.0	0.0	0.0	0.0	0.0	0.0	0.0	0.026087	0.0368098	0.1632653	0.1355932	0.1783439	0.0849057	0.1061947	0.0918367	0.0526316	
Dark-eyed Junco	0.0685714	0.0327869	0.0297619	0.0444444	0.0347222	0.0347222	0.0149254	0.1171875	0.1142857	0.1327434	0.1619048	0.3415842	0.5547445	0.5421687	0.5875	0.3809524	0.052381	0.0050761	0.0	0.0	0.0	0.0	0.0	0.0	0.0	0.0	0.0	0.0	0.0	0.0	0.0	0.0	0.0	0.0	0.0149254	0.0722892	0.3048128	0.488764	0.5940594	0.7347826	0.7055215	0.7006803	0.7288136	0.5796178	0.490566	0.3451327	0.1632653	0.112782	
White-crowned Sparrow	0.0	0.0	0.0	0.0	0.0	0.0	0.0	0.0	0.0	0.0	0.0	0.0	0.0	0.0	0.0	0.0047619	0.1047619	0.071066	0.0526316	0.0	0.0	0.0	0.0	0.0	0.0	0.0	0.0	0.0	0.0	0.0	0.0	0.0	0.0	0.0	0.0	0.0040161	0.0802139	0.0955056	0.1237624	0.1608696	0.0797546	0.047619	0.0338983	0.0573248	0.0566038	0.1238938	0.0	0.0	
White-throated Sparrow	0.8628571	0.7923497	0.7083333	0.7022222	0.6805556	0.7291667	0.6641791	0.734375	0.6761905	0.6371681	0.8571429	0.7772277	0.8175182	0.7951807	0.88125	0.9380952	0.9142857	0.8426396	0.6220096	0.393617	0.266055	0.2207792	0.2098765	0.2242991	0.1884058	0.1358025	0.1578947	0.0642202	0.084507	0.0857143	0.1075269	0.0838323	0.1048951	0.05	0.119403	0.4136546	0.7165775	0.9044944	0.9009901	0.9565217	0.9570552	0.952381	0.9491525	0.910828	0.9433962	0.9557522	0.8979592	0.8721805	
Vesper Sparrow	0.0	0.0	0.0	0.0	0.0	0.0	0.0	0.0	0.0	0.0	0.0	0.0	0.0437956	0.0	0.0	0.0	0.0	0.0	0.0	0.0	0.0	0.0	0.0	0.0	0.0	0.0	0.0	0.0	0.0	0.0	0.0	0.0	0.0	0.0	0.0	0.0	0.0	0.0	0.0247525	0.0	0.0184049	0.0	0.0	0.0	0.0	0.0	0.0	0.0	
Nelson's Sparrow	0.0	0.0	0.0	0.0	0.0	0.0	0.0	0.0	0.0	0.0	0.0	0.0	0.0	0.0	0.0	0.0	0.0	0.0	0.0	0.0	0.0	0.0	0.0	0.0	0.0	0.0	0.0	0.0	0.0	0.0	0.0	0.0	0.0	0.0	0.0	0.0	0.0	0.0	0.0049505	0.0	0.0	0.0	0.059322	0.0	0.0	0.0	0.0	0.0	
Savannah Sparrow	0.0057143	0.0	0.0	0.0	0.0	0.0	0.0	0.0	0.0	0.0	0.0095238	0.0049505	0.0583942	0.1325301	0.225	0.2809524	0.2714286	0.2335025	0.0526316	0.0053191	0.0	0.0	0.0	0.0015	0.0	0.0	0.0	0.0	0.0	0.0	0.0	0.0	0.0	0.00625	0.039801	0.0763052	0.1764706	0.1573034	0.1435644	0.0782609	0.0245399	0.0136054	0.0	0.0	0.0	0.0088496	0.0	0.0	
Song Sparrow	0.4971429	0.4918033	0.3035714	0.32	0.2916667	0.4166667	0.4552239	0.53125	0.5047619	0.6548673	0.7904762	0.8663366	0.8248175	0.7891566	0.71875	0.8047619	0.6285714	0.6294416	0.5980861	0.6968085	0.6513761	0.7142857	0.691358	0.6915888	0.6666667	0.691358	0.6973684	0.6788991	0.4788732	0.5571429	0.4301075	0.4011976	0.3916084	0.325	0.3283582	0.437751	0.6363636	0.7696629	0.8267327	0.8217391	0.7546012	0.6666667	0.6610169	0.6178344	0.5566038	0.4070796	0.4081633	0.443609	
Lincoln's Sparrow	0.0	0.0	0.0059524	0.0044444	0.0	0.0	0.0	0.0	0.0	0.0	0.0	0.0	0.0	0.0	0.0	0.0	0.0333333	0.0659898	0.1052632	0.0319149	0.0	0.0	0.0	0.0	0.0	0.0	0.0	0.0	0.0	0.0	0.0	0.0	0.013986	0.0375	0.0497512	0.1767068	0.171123	0.1741573	0.1188119	0.1130435	0.0858896	0.0272109	0.059322	0.0955414	0.0660377	0.0973451	0.0612245	0.0075188	
Swamp Sparrow	0.2	0.1693989	0.1011905	0.1333333	0.1041667	0.0625	0.0895522	0.0859375	0.0571429	0.1061947	0.1238095	0.0643564	0.2992701	0.2831325	0.3875	0.3904762	0.4	0.3604061	0.1578947	0.0015	0.0	0.0	0.0	0.0	0.0	0.0	0.0131579	0.0	0.0	0.0	0.0	0.0	0.006993	0.00625	0.0049751	0.1365462	0.4064171	0.5393258	0.6237624	0.6434783	0.5030675	0.5102041	0.6525424	0.4713376	0.4339623	0.4247788	0.2959184	0.3233083	
Lincoln's/Swamp Sparrow	0.0	0.0	0.0	0.0	0.0	0.0	0.0	0.0	0.0	0.0	0.0	0.0	0.0	0.0	0.0	0.0	0.0	0.0	0.0	0.0	0.0	0.0	0.0	0.0	0.0	0.0	0.0	0.0	0.0	0.0	0.0	0.0	0.0	0.0	0.0	0.0	0.0	0.0	0.0049505	0.0	0.0	0.0	0.0	0.0	0.0	0.0	0.0	0.0	
Eastern Towhee	0.0571429	0.0601093	0.0595238	0.0666667	0.0416667	0.0208333	0.0149254	0.0390625	0.0095238	0.0265487	0.0190476	0.0594059	0.0510949	0.1506024	0.35	0.5952381	0.5238095	0.2944162	0.0574163	0.0053191	0.0183486	0.012987	0.0	0.0186916	0.0	0.0	0.0	0.0	0.0	0.0	0.0	0.0	0.0	0.0125	0.0099502	0.0200803	0.1283422	0.3988764	0.3019802	0.3347826	0.2883436	0.1632653	0.1355932	0.1019108	0.1792453	0.1858407	0.1632653	0.0977444	
new world sparrow sp.	0.0	0.0	0.0	0.0	0.0347222	0.0138889	0.0149254	0.0	0.0	0.0	0.0	0.009901	0.0	0.0	0.0	0.0047619	0.0095238	0.0	0.0047847	0.0	0.0091743	0.012987	0.0	0.0	0.0	0.0	0.0	0.0	0.0	0.0	0.0	0.0	0.006993	0.00625	0.0	0.0	0.0053476	0.005618	0.0	0.0043478	0.006135	0.0	0.0	0.0063694	0.009434	0.0	0.0	0.0075188	
Yellow-breasted Chat	0.0	0.0	0.0	0.0	0.0	0.0	0.0	0.0	0.0	0.0	0.0	0.0	0.0	0.0	0.0	0.0	0.0	0.0	0.0	0.0	0.0	0.0	0.0	0.0	0.0	0.0	0.0	0.0	0.0	0.0	0.0	0.005988	0.0	0.00625	0.0099502	0.0361446	0.0	0.005618	0.0049505	0.0043478	0.006135	0.0544218	0.0338983	0.0573248	0.0188679	0.0	0.0	0.0	
Bobolink	0.0	0.0	0.0	0.0	0.0	0.0	0.0	0.0	0.0	0.0	0.0	0.0	0.0	0.0	0.0	0.0	0.0	0.0	0.0	0.0	0.0	0.0	0.0	0.0	0.0	0.0	0.0	0.0	0.0	0.0	0.0	0.0	0.027972	0.01875	0.0099502	0.0080321	0.0053476	0.0	0.0	0.0	0.0	0.0	0.0	0.0	0.0	0.0	0.0	0.0	
Eastern Meadowlark	0.0	0.0	0.0	0.0	0.0	0.0	0.0	0.0	0.0	0.0176991	0.0	0.0049505	0.0	0.0	0.0	0.0	0.0	0.0	0.0	0.0	0.0	0.0	0.0	0.0	0.0	0.0	0.0	0.0	0.0	0.0	0.0	0.0	0.0	0.0	0.0	0.0	0.0	0.0168539	0.0346535	0.0217391	0.0	0.0	0.0	0.0	0.0	0.0	0.0	0.0	
Orchard Oriole	0.0	0.0	0.0	0.0	0.0	0.0	0.0	0.0	0.0	0.0	0.0	0.0	0.0	0.0	0.01875	0.0571429	0.0952381	0.1167513	0.0478469	0.0	0.0	0.012987	0.0	0.0	0.0289855	0.0	0.0	0.0	0.0140845	0.0	0.0	0.0	0.0	0.0	0.0	0.0	0.0	0.0	0.0	0.0	0.0	0.0	0.0	0.0	0.0	0.0	0.0	0.0	
Baltimore Oriole	0.0	0.0	0.0	0.0	0.0	0.0	0.0	0.0	0.0	0.0	0.0	0.0	0.0	0.0	0.0	0.0666667	0.4047619	0.4517766	0.4162679	0.106383	0.0458716	0.1038961	0.037037	0.0	0.0	0.0246914	0.0	0.0091743	0.0	0.0142857	0.0967742	0.1257485	0.1538462	0.08125	0.079602	0.0240964	0.0213904	0.011236	0.029703	0.0086957	0.0122699	0.0	0.0084746	0.0063694	0.009434	0.0	0.0102041	0.0	
Red-winged Blackbird	0.0	0.0	0.0	0.0	0.0	0.0	0.0074627	0.015625	0.0761905	0.1238938	0.2	0.2277228	0.3357664	0.4216867	0.51875	0.5428571	0.647619	0.5888325	0.6028708	0.5904255	0.6238532	0.6233766	0.5308642	0.4859813	0.4057971	0.3333333	0.3026316	0.2293578	0.1690141	0.1714286	0.0215054	0.011976	0.013986	0.0	0.0248756	0.0080321	0.0	0.0168539	0.0148515	0.0217391	0.0122699	0.0544218	0.0677966	0.044586	0.0377358	0.0530973	0.0510204	0.0075188	
Brown-headed Cowbird	0.0	0.0	0.0	0.0	0.0	0.0	0.0	0.0	0.0	0.0	0.0	0.0148515	0.0072993	0.0060241	0.00625	0.0190476	0.0095238	0.0203046	0.0095694	0.0	0.0	0.025974	0.0	0.0	0.0	0.0	0.0526316	0.0733945	0.028169	0.0	0.0107527	0.0299401	0.0	0.0	0.0	0.0040161	0.0160428	0.011236	0.0247525	0.026087	0.006135	0.0	0.0084746	0.0127389	0.0	0.0	0.0102041	0.0	
Rusty Blackbird	0.0	0.0	0.0	0.0	0.0	0.0	0.0	0.109375	0.0857143	0.0	0.0	0.0	0.0364964	0.0060241	0.0	0.0047619	0.0	0.0	0.0	0.0	0.0	0.0	0.0	0.0	0.0	0.0	0.0	0.0	0.0	0.0	0.0	0.0	0.0	0.0	0.0	0.0	0.0	0.0	0.0	0.0	0.006135	0.0	0.0	0.0	0.0	0.0	0.0	0.0	
Common Grackle	0.0	0.0	0.0059524	0.0044444	0.0	0.0625	0.1791045	0.1796875	0.2857143	0.5044248	0.6571429	0.7475248	0.8467153	0.7891566	0.93125	0.947619	0.8380952	0.9187817	0.9090909	0.8829787	0.9174312	0.8961039	0.9135802	0.8317757	0.7971014	0.5555556	0.5921053	0.5137615	0.5915493	0.3714286	0.3763441	0.3113772	0.3286713	0.275	0.2636816	0.2851406	0.2994652	0.3089888	0.2277228	0.2086957	0.0552147	0.0340136	0.0	0.0	0.009434	0.0	0.0	0.0	
grackle sp.	0.0	0.0	0.0	0.0	0.0	0.0	0.0	0.0	0.0	0.0	0.0	0.0	0.0	0.0	0.0	0.0	0.0	0.0	0.0047847	0.0	0.0	0.0	0.0	0.0093458	0.0	0.0	0.0	0.0	0.0140845	0.0	0.0	0.0	0.0	0.0	0.0	0.0	0.0	0.0	0.0	0.0	0.0	0.0	0.0	0.0	0.0	0.0	0.0	0.0	
blackbird sp.	0.0	0.0	0.0	0.0	0.0	0.0	0.0	0.0	0.0	0.0	0.0	0.0	0.0	0.0	0.00625	0.0047619	0.0	0.0	0.0	0.0	0.0	0.0	0.0	0.0	0.0	0.0	0.0	0.0091743	0.0	0.0	0.0	0.0	0.0	0.0	0.0	0.0	0.0	0.0	0.0	0.0	0.006135	0.0068027	0.0	0.0063694	0.0	0.0	0.0	0.0	
Ovenbird	0.0114286	0.0163934	0.0238095	0.0311111	0.0069444	0.0	0.0149254	0.0	0.0095238	0.0	0.0	0.0	0.0	0.0	0.00625	0.0666667	0.4095238	0.6751269	0.6411483	0.5319149	0.4036697	0.1558442	0.1234568	0.046729	0.0434783	0.037037	0.0131579	0.0	0.028169	0.0	0.1182796	0.1796407	0.2797203	0.2375	0.2885572	0.3212851	0.2620321	0.2022472	0.1138614	0.0913043	0.0858896	0.0612245	0.0508475	0.0254777	0.0283019	0.0088496	0.0102041	0.0150376	
Worm-eating Warbler	0.0	0.0	0.0	0.0	0.0	0.0	0.0	0.0	0.0	0.0	0.0	0.0	0.0	0.0	0.0	0.0	0.052381	0.0152284	0.0334928	0.0	0.0	0.0	0.0	0.0	0.0	0.0	0.0	0.0	0.0	0.0	0.0	0.005988	0.027972	0.0	0.0	0.0	0.0	0.0	0.0	0.0	0.0	0.0	0.0	0.0	0.0	0.0	0.0	0.0	
Louisiana Waterthrush	0.0	0.0	0.0	0.0	0.0	0.0	0.0	0.0	0.0	0.0	0.0	0.0	0.0218978	0.0	0.01875	0.0190476	0.0	0.0	0.0	0.0	0.0	0.0	0.0	0.0	0.0	0.0	0.0131579	0.0825688	0.028169	0.0142857	0.0107527	0.005988	0.0	0.0	0.0	0.0	0.0	0.0	0.0	0.0	0.0	0.0	0.0	0.0	0.0	0.0	0.0	0.0	
Northern Waterthrush	0.0114286	0.010929	0.0178571	0.0222222	0.0277778	0.0347222	0.0597015	0.0234375	0.0015	0.0265487	0.0095238	0.0148515	0.0	0.0060241	0.0125	0.1047619	0.2809524	0.319797	0.3636364	0.1648936	0.0825688	0.0	0.0	0.0	0.0	0.0	0.0	0.0642202	0.2253521	0.3285714	0.3870968	0.4251497	0.4055944	0.4625	0.4129353	0.248996	0.1283422	0.0449438	0.0148515	0.0130435	0.0	0.0068027	0.0084746	0.0	0.0	0.0088496	0.0102041	0.0150376	
Louisiana/Northern Waterthrush	0.0	0.0	0.0	0.0	0.0	0.0	0.0	0.0	0.0	0.0	0.0	0.0	0.0	0.0	0.0	0.0	0.0047619	0.0	0.0	0.0	0.0	0.0	0.0	0.0	0.0	0.0	0.0	0.0366972	0.0140845	0.0428571	0.0	0.0	0.0	0.0	0.0	0.0	0.0	0.0	0.0	0.0	0.0	0.0	0.0	0.0	0.0	0.0	0.0	0.0	
Blue-winged Warbler	0.0	0.0	0.0	0.0	0.0	0.0	0.0	0.0	0.0	0.0	0.0	0.0	0.0	0.0	0.0	0.0142857	0.047619	0.035533	0.0	0.0	0.0	0.0	0.0	0.0	0.0	0.0	0.0	0.0	0.0	0.0142857	0.0645161	0.0718563	0.034965	0.025	0.0348259	0.0281124	0.0213904	0.0	0.0	0.0	0.0	0.0	0.0	0.0	0.0	0.0	0.0	0.0	
Black-and-white Warbler	0.0	0.0	0.0	0.0	0.0	0.0	0.0	0.0	0.0	0.0	0.0	0.0	0.0	0.0015	0.01875	0.1571429	0.4714286	0.5736041	0.4593301	0.1329787	0.0	0.025974	0.0	0.0	0.0	0.0123457	0.0	0.0183486	0.0704225	0.1285714	0.344086	0.4790419	0.4685315	0.4875	0.6666667	0.5140562	0.4064171	0.2977528	0.0594059	0.0217391	0.006135	0.0068027	0.0	0.0	0.0	0.0	0.0	0.0	
Prothonotary Warbler	0.0	0.0	0.0	0.0	0.0	0.0	0.0	0.0	0.0	0.0	0.0	0.0	0.0	0.0	0.0	0.0	0.0	0.0101523	0.0	0.0	0.0	0.0	0.0	0.0	0.0	0.0	0.0	0.0	0.0	0.0	0.0	0.0	0.0	0.0	0.0	0.0	0.0	0.0	0.0	0.0	0.0	0.0	0.0	0.0	0.0	0.0	0.0	0.0	
Tennessee Warbler	0.0	0.0	0.0	0.0	0.0	0.0	0.0	0.0	0.0	0.0	0.0	0.0	0.0	0.0	0.0	0.0	0.0095238	0.0	0.0143541	0.0	0.0	0.0	0.0	0.0	0.0	0.0	0.0	0.0	0.0	0.0	0.0107527	0.011976	0.0839161	0.09375	0.1791045	0.2168675	0.1390374	0.0898876	0.029703	0.0	0.0	0.0	0.0	0.0	0.0	0.0	0.0	0.0	
Orange-crowned Warbler	0.0	0.010929	0.0	0.0088889	0.0	0.0	0.0	0.0	0.0	0.0	0.0	0.0	0.0	0.0	0.0	0.0	0.0	0.0101523	0.0	0.0	0.0	0.0	0.0	0.0	0.0	0.0	0.0	0.0	0.0	0.0	0.0	0.0	0.0	0.0	0.0	0.0040161	0.0	0.005618	0.0643564	0.0173913	0.0245399	0.1972789	0.1610169	0.1210191	0.1792453	0.2212389	0.122449	0.0075188	
Nashville Warbler	0.0	0.0	0.0	0.0	0.0	0.0	0.0	0.0	0.0	0.0	0.0	0.0	0.0	0.0	0.0	0.0	0.0238095	0.1167513	0.0574163	0.0	0.0	0.0	0.0	0.0	0.0	0.0	0.0	0.0	0.0	0.0	0.0	0.005988	0.020979	0.03125	0.0497512	0.0562249	0.1336898	0.0786517	0.029703	0.0217391	0.0122699	0.0	0.0	0.0	0.0	0.0	0.0	0.0	
Connecticut Warbler	0.0	0.0	0.0	0.0	0.0	0.0	0.0	0.0	0.0	0.0	0.0	0.0	0.0	0.0	0.0	0.0	0.0	0.0	0.0	0.0	0.0	0.0	0.0	0.0	0.0	0.0	0.0	0.0	0.0	0.0	0.0	0.0	0.0	0.0125	0.0199005	0.0	0.0	0.0	0.0	0.0	0.0	0.0	0.0	0.0	0.0	0.0	0.0	0.0	
Mourning Warbler	0.0	0.0	0.0	0.0	0.0	0.0	0.0	0.0	0.0	0.0	0.0	0.0	0.0	0.0	0.0	0.0	0.0	0.0	0.0143541	0.0638298	0.0366972	0.0	0.0	0.0	0.0	0.0	0.0	0.0	0.0	0.0	0.0107527	0.0	0.0	0.0	0.0049751	0.0	0.0	0.0	0.0	0.0	0.0	0.0	0.0	0.0	0.0	0.0	0.0	0.0	
Kentucky Warbler	0.0	0.0	0.0	0.0	0.0	0.0	0.0	0.0	0.0	0.0	0.0	0.0	0.0	0.0	0.0	0.0	0.0571429	0.0	0.0	0.0	0.0	0.0	0.0	0.0	0.0	0.0	0.0	0.0	0.0	0.0	0.0	0.0	0.0	0.0	0.0	0.0	0.0	0.0	0.0	0.0	0.0	0.0	0.0	0.0	0.0	0.0	0.0	0.0	
Common Yellowthroat	0.0057143	0.010929	0.0015	0.0	0.0	0.0	0.0	0.0	0.0	0.0	0.0	0.0	0.0	0.0060241	0.05	0.1238095	0.5	0.7664975	0.8421053	0.6329787	0.4770642	0.3246753	0.1851852	0.2149533	0.173913	0.0864198	0.1447368	0.0733945	0.056338	0.1	0.172043	0.4071856	0.6153846	0.69375	0.7860697	0.7630522	0.7914439	0.6123596	0.2970297	0.2304348	0.1411043	0.0816327	0.0762712	0.0318471	0.009434	0.0265487	0.0510204	0.0	
Hooded Warbler	0.0	0.0	0.0	0.0	0.0	0.0	0.0	0.0	0.0	0.0	0.0	0.0	0.0	0.0	0.0	0.0	0.0	0.0101523	0.0143541	0.0	0.0	0.0	0.0	0.0	0.0	0.0	0.0	0.0	0.0	0.0	0.0	0.0	0.013986	0.0	0.0049751	0.0	0.0	0.0	0.0	0.0	0.0	0.0	0.0	0.0	0.0	0.0	0.0	0.0	
American Redstart	0.0	0.0	0.0	0.0	0.0	0.0	0.0	0.0	0.0	0.0	0.0	0.0	0.0	0.0	0.0	0.0	0.0952381	0.177665	0.430622	0.356383	0.1100917	0.012987	0.0	0.0	0.0	0.0	0.0	0.0091743	0.0422535	0.1857143	0.2688172	0.491018	0.6783217	0.66875	0.7462687	0.4497992	0.2780749	0.1011236	0.0049505	0.0	0.0	0.0	0.0	0.0	0.0	0.0	0.0	0.0	
Cape May Warbler	0.0	0.0	0.0	0.0	0.0	0.0	0.0	0.0	0.0	0.0	0.0	0.0	0.0	0.0	0.0	0.0	0.0	0.0203046	0.0095694	0.0053191	0.0	0.0	0.0	0.0	0.0	0.0	0.0	0.0	0.0	0.0	0.0	0.005988	0.041958	0.025	0.0945274	0.0361446	0.0160428	0.005618	0.0	0.0	0.0	0.0	0.0	0.0	0.0	0.0	0.0	0.0	
Northern Parula	0.0	0.0	0.0	0.0	0.0	0.0	0.0	0.0	0.0	0.0	0.0	0.0	0.0	0.0	0.03125	0.0380952	0.2238095	0.4517766	0.4497608	0.143617	0.0366972	0.0	0.0	0.0	0.0	0.0	0.0	0.0	0.0	0.0	0.0	0.0299401	0.1608392	0.29375	0.5273632	0.3694779	0.2352941	0.1573034	0.019802	0.0086957	0.0	0.0	0.0	0.0	0.0	0.0	0.0	0.0	
Magnolia Warbler	0.0	0.0	0.0	0.0	0.0	0.0	0.0	0.0	0.0	0.0	0.0	0.0	0.0	0.0	0.0	0.0	0.0428571	0.2081218	0.3875598	0.1861702	0.0183486	0.0	0.0	0.0	0.0	0.0	0.0	0.0	0.0	0.0	0.0	0.0718563	0.1748252	0.16875	0.3333333	0.2570281	0.2406417	0.1011236	0.019802	0.0	0.0	0.0	0.0	0.0	0.0	0.0	0.0	0.0	
Bay-breasted Warbler	0.0	0.0	0.0	0.0	0.0	0.0	0.0	0.0	0.0	0.0	0.0	0.0	0.0	0.0	0.0	0.0	0.0047619	0.0050761	0.0717703	0.0	0.0	0.0	0.0	0.0	0.0	0.0	0.0	0.0	0.0	0.0	0.0	0.005988	0.006993	0.025	0.0746269	0.060241	0.0	0.0	0.0049505	0.0	0.0	0.0	0.0	0.0	0.0	0.0	0.0	0.0	
Blackburnian Warbler	0.0	0.0	0.0	0.0	0.0	0.0	0.0	0.0	0.0	0.0	0.0	0.0	0.0	0.0	0.0	0.0	0.0142857	0.0406091	0.0430622	0.0053191	0.0183486	0.0	0.0	0.0	0.0	0.0	0.0	0.0	0.0	0.0	0.0	0.0	0.0	0.0	0.0696517	0.0200803	0.0160428	0.005618	0.0	0.0	0.0	0.0	0.0	0.0	0.0	0.0	0.0	0.0	
Yellow Warbler	0.0	0.0	0.0	0.0	0.0	0.0	0.0	0.0	0.0	0.0	0.0	0.0	0.0	0.0	0.025	0.0857143	0.3571429	0.3553299	0.3588517	0.2287234	0.0642202	0.038961	0.0123457	0.0	0.0	0.0246914	0.0657895	0.1376147	0.1690141	0.2	0.2043011	0.2275449	0.2307692	0.2125	0.2189055	0.1767068	0.1016043	0.011236	0.009901	0.0	0.0	0.0	0.0	0.0	0.0	0.0	0.0	0.0	
Chestnut-sided Warbler	0.0	0.0	0.0	0.0	0.0	0.0	0.0	0.0	0.0	0.0	0.0	0.0	0.0	0.0	0.0	0.0047619	0.0095238	0.106599	0.1148325	0.0265957	0.0091743	0.0	0.0	0.0	0.0	0.0	0.0	0.0	0.0	0.0	0.0107527	0.1197605	0.0629371	0.10625	0.0895522	0.0481928	0.0106952	0.0	0.0	0.0	0.0	0.0	0.0	0.0	0.0	0.0	0.0	0.0	
Blackpoll Warbler	0.0	0.0	0.0	0.0	0.0	0.0	0.0	0.0	0.0	0.0	0.0	0.0	0.0	0.0	0.0	0.0	0.0190476	0.1015228	0.430622	0.3085106	0.1376147	0.0	0.0	0.0	0.0	0.0	0.0	0.0	0.0	0.0	0.0	0.005988	0.0	0.06875	0.278607	0.3534137	0.2673797	0.2078652	0.0742574	0.0043478	0.0122699	0.0	0.0	0.0	0.0	0.0	0.0	0.0	
Bay-breasted/Blackpoll Warbler	0.0	0.0	0.0	0.0	0.0	0.0	0.0	0.0	0.0	0.0	0.0	0.0	0.0	0.0	0.0	0.0	0.0	0.0	0.0	0.0	0.0	0.0	0.0	0.0	0.0	0.0	0.0	0.0	0.0	0.0	0.0	0.0	0.0	0.01875	0.0049751	0.0080321	0.0053476	0.0	0.0	0.0	0.0	0.0	0.0	0.0	0.0	0.0	0.0	0.0	
Black-throated Blue Warbler	0.0	0.0	0.0	0.0	0.0	0.0	0.0	0.0	0.0	0.0	0.0	0.0	0.0	0.0	0.0	0.0	0.0619048	0.177665	0.2248804	0.143617	0.0091743	0.0	0.0	0.0	0.0	0.0	0.0	0.0	0.0	0.0	0.0	0.011976	0.027972	0.05	0.1293532	0.1767068	0.171123	0.1685393	0.0643564	0.0130435	0.0122699	0.0	0.0	0.0	0.0	0.0	0.0	0.0	
Palm Warbler	0.0	0.0	0.0	0.0	0.0	0.0	0.0	0.0	0.0	0.0	0.0	0.0	0.2043796	0.313253	0.2625	0.2	0.1285714	0.0406091	0.0047847	0.0	0.0	0.0	0.0	0.0	0.0	0.0	0.0	0.0	0.0	0.0	0.0	0.0	0.034965	0.05625	0.2039801	0.2650602	0.3850267	0.3820225	0.2376238	0.2434783	0.0674847	0.0272109	0.0508475	0.0	0.009434	0.0176991	0.0	0.0	
Pine Warbler	0.0	0.0	0.0	0.0	0.0	0.0	0.0	0.0	0.0	0.0	0.0	0.039604	0.0291971	0.0421687	0.0375	0.0238095	0.0095238	0.0	0.0	0.0	0.0	0.0	0.0	0.0	0.0	0.0	0.0	0.0	0.0	0.0	0.0	0.0	0.006993	0.03125	0.0447761	0.0441767	0.0588235	0.0730337	0.0544554	0.0217391	0.006135	0.0272109	0.0	0.0	0.0	0.0	0.0	0.0	
Yellow-rumped Warbler	0.3371429	0.3169399	0.2380952	0.1511111	0.125	0.1111111	0.1044776	0.09375	0.0380952	0.0530973	0.0380952	0.0247525	0.080292	0.0361446	0.11875	0.1714286	0.2333333	0.3096447	0.2392344	0.0106383	0.0	0.0	0.0	0.0	0.0	0.0	0.0	0.0	0.0	0.0	0.0	0.0	0.0	0.025	0.079602	0.1606426	0.459893	0.7808989	0.8564356	0.8173913	0.7668712	0.6530612	0.5169492	0.388535	0.4339623	0.3628319	0.3367347	0.2781955	
Prairie Warbler	0.0	0.0	0.0	0.0	0.0	0.0	0.0	0.0	0.0	0.0	0.0	0.0	0.0	0.0	0.0	0.0095238	0.1190476	0.1979695	0.0478469	0.0106383	0.0	0.0	0.0	0.0	0.0	0.0	0.0	0.0	0.0	0.0	0.0	0.0299401	0.013986	0.04375	0.079602	0.0200803	0.0213904	0.005618	0.0	0.0043478	0.0	0.0	0.0	0.0	0.0	0.0	0.0	0.0	
Black-throated Green Warbler	0.0	0.0	0.0	0.0	0.0	0.0	0.0	0.0	0.0	0.0	0.0	0.0	0.0	0.0	0.0	0.0095238	0.0761905	0.1167513	0.1578947	0.0319149	0.0183486	0.0	0.0	0.0	0.0	0.0	0.0	0.0	0.0	0.0	0.0	0.005988	0.027972	0.04375	0.1243781	0.060241	0.0962567	0.0168539	0.009901	0.0	0.0	0.0	0.0	0.0	0.0	0.0	0.0	0.0	
Canada Warbler	0.0	0.0	0.0	0.0	0.0	0.0	0.0	0.0	0.0	0.0	0.0	0.0	0.0	0.0	0.0	0.0	0.0	0.0152284	0.1435407	0.1861702	0.0	0.0	0.0	0.0	0.0	0.0	0.0	0.0	0.0	0.0	0.0322581	0.1437126	0.0559441	0.025	0.0348259	0.0	0.0320856	0.011236	0.0	0.0	0.0	0.0	0.0	0.0	0.0	0.0	0.0	0.0	
Wilson's Warbler	0.0	0.0	0.0	0.0	0.0	0.0	0.0	0.0	0.0	0.0	0.0	0.0	0.0	0.0	0.0	0.0	0.0047619	0.1116751	0.3349282	0.1223404	0.0	0.0	0.0	0.0	0.0	0.0	0.0	0.0	0.0	0.0	0.0	0.005988	0.048951	0.09375	0.1044776	0.0883534	0.0374332	0.011236	0.0148515	0.0130435	0.0	0.0	0.0	0.0	0.0	0.0	0.0	0.0	
new world warbler sp.	0.0	0.0	0.0	0.0044444	0.0	0.0	0.0	0.0	0.0	0.0	0.0	0.0	0.0	0.0	0.0	0.0	0.0095238	0.0050761	0.0143541	0.0	0.0	0.0	0.0123457	0.0	0.0	0.0	0.0	0.0183486	0.0140845	0.0142857	0.0322581	0.0239521	0.034965	0.0875	0.0597015	0.0562249	0.0160428	0.0224719	0.0049505	0.0043478	0.0	0.0068027	0.0	0.0	0.0	0.0	0.0	0.0075188	
Summer Tanager	0.0	0.0	0.0	0.0	0.0	0.0	0.0	0.0	0.0	0.0	0.0	0.0	0.0	0.0	0.0	0.0	0.0	0.0304569	0.0047847	0.0265957	0.0	0.0	0.037037	0.0	0.0	0.0	0.0	0.0	0.0	0.0	0.0	0.0	0.0	0.0	0.0	0.0	0.0053476	0.0	0.0	0.0	0.0	0.0	0.0	0.0	0.0	0.0	0.0	0.0	
Scarlet Tanager	0.0	0.0	0.0	0.0	0.0	0.0	0.0	0.0	0.0	0.0	0.0	0.0	0.0	0.0	0.0	0.0	0.0857143	0.2944162	0.1961722	0.0478723	0.0	0.0	0.0	0.0	0.0	0.0	0.0	0.0091743	0.0	0.0	0.0	0.011976	0.041958	0.0625	0.1442786	0.0963855	0.0909091	0.0280899	0.0	0.0	0.0	0.0	0.0	0.0	0.0	0.0	0.0	0.0	
Northern Cardinal	0.4571429	0.568306	0.4880952	0.4844444	0.4236111	0.5138889	0.5074627	0.5859375	0.5428571	0.5663717	0.6666667	0.7277228	0.7664234	0.6084337	0.64375	0.6666667	0.6238095	0.6395939	0.6555024	0.5585106	0.5504587	0.7012987	0.5679012	0.5233645	0.5942029	0.617284	0.6052632	0.6238532	0.6478873	0.6714286	0.6344086	0.6047904	0.6153846	0.63125	0.7661692	0.6787149	0.6096257	0.5898876	0.539604	0.6652174	0.6503067	0.6462585	0.6864407	0.6305732	0.7075472	0.7256637	0.6122449	0.6090226	
Rose-breasted Grosbeak	0.0	0.0	0.0	0.0	0.0	0.0	0.0	0.0	0.0	0.0	0.0	0.0	0.0	0.0	0.0	0.0095238	0.052381	0.106599	0.062201	0.0478723	0.0	0.0	0.0	0.0	0.0	0.0	0.0	0.0	0.0	0.0	0.0	0.005988	0.0839161	0.08125	0.1791045	0.0803213	0.0588235	0.011236	0.009901	0.0	0.0	0.0	0.0	0.0	0.0	0.0	0.0	0.0	
Blue Grosbeak	0.0	0.0	0.0	0.0	0.0	0.0	0.0	0.0	0.0	0.0	0.0	0.0	0.0	0.0	0.0	0.0	0.0	0.0	0.0	0.0	0.0	0.0	0.0	0.0	0.0	0.0	0.0	0.0	0.0	0.0	0.0	0.0	0.0	0.0	0.0	0.0040161	0.0	0.0	0.0	0.0	0.0	0.0	0.0	0.0	0.0	0.0	0.0	0.0	
Indigo Bunting	0.0	0.0	0.0	0.0	0.0	0.0	0.0	0.0	0.0	0.0	0.0	0.0	0.0	0.0	0.0	0.0047619	0.0809524	0.106599	0.0669856	0.0053191	0.0	0.0	0.0123457	0.0	0.0	0.0	0.0	0.0091743	0.0	0.0	0.0	0.0	0.0	0.0125	0.0049751	0.0361446	0.0481283	0.011236	0.009901	0.0086957	0.0	0.0	0.0	0.0	0.0	0.0	0.0	0.0	
Painted Bunting	0.2057143	0.0874317	0.0	0.0222222	0.0	0.0902778	0.0671642	0.0703125	0.0	0.0	0.0	0.0	0.0	0.0	0.0	0.0	0.0	0.0	0.0	0.0	0.0	0.0	0.0	0.0	0.0	0.0	0.0	0.0	0.0	0.0	0.0	0.0	0.0	0.0	0.0	0.0	0.0	0.0	0.0	0.0	0.0	0.0	0.0	0.0	0.0	0.0	0.0	0.0902256	
Dickcissel	0.0	0.0	0.0	0.0	0.0	0.0	0.0	0.0	0.0	0.0	0.0	0.0	0.0	0.0	0.0	0.0	0.0	0.0	0.0	0.0	0.0	0.0	0.0	0.0	0.0	0.0	0.0	0.0	0.0	0.0	0.0	0.0	0.0	0.00625	0.0	0.0	0.0	0.0	0.0	0.0	0.0	0.0	0.0	0.0	0.0	0.0	0.0	0.0	
passerine sp.	0.0	0.0	0.0059524	0.0	0.0	0.0	0.0	0.0	0.0	0.0088496	0.0	0.0	0.0	0.0060241	0.0	0.0047619	0.0047619	0.0050761	0.0	0.0	0.0	0.0	0.0	0.0	0.0	0.0123457	0.0	0.0	0.0	0.0	0.0	0.005988	0.0	0.00625	0.0	0.0040161	0.0	0.005618	0.009901	0.0043478	0.006135	0.0	0.0169492	0.0	0.0	0.0	0.0	0.0	
bird sp.	0.0	0.0	0.0	0.0	0.0	0.0	0.0	0.0	0.0	0.0	0.0	0.0	0.0	0.0	0.0	0.0	0.0047619	0.0	0.0	0.0	0.0	0.0	0.0	0.0	0.0	0.0	0.0	0.0	0.0	0.0	0.0	0.0	0.0	0.0	0.0	0.0	0.0	0.0	0.0	0.0043478	0.0	0.0	0.0	0.0	0.0	0.0	0.0	0.0	

