Bar-headed Goose	0.0	0.0	0.0	0.0	0.0	0.0	0.0	0.0	0.0	0.0	0.0	0.0	0.0	0.0	0.0	0.0	0.0	0.0	0.0	0.0015	0.0	0.0	0.0	0.0	0.0	0.0	0.0	0.0	0.0	0.0	0.0	0.0	0.0	0.0	0.0	0.0	0.0	0.0	0.0	0.0	0.0	0.0	0.0	0.0	0.0	0.0	0.0	0.0	
Snow Goose	0.0	0.0	0.0	0.0	0.0	0.0	0.0	0.0	0.0	0.0	0.0	0.0	0.0	0.0	0.0	0.0	0.0	0.0	0.0	0.0	0.0	0.0	0.0	0.0	0.0	0.0	0.0	0.0	0.0	0.0	0.0	0.0	0.0	0.0	0.0	0.0	0.0072993	0.0	0.0	0.0	0.0	0.0	0.0	0.0	0.0	0.0	0.0	0.0	
Greylag Goose	1.0	1.0	1.0	1.0	0.8	1.0	0.0	1.0	1.0	0.8888889	0.6842105	0.8571429	0.7647059	0.52	0.3	0.32	0.2142857	0.2333333	0.2424242	0.0681818	0.2820513	0.3	0.3636364	0.1	0.0015	0.1111111	0.0	0.0434783	0.125	0.1481481	0.2222222	0.2033898	0.037037	0.0350877	0.027027	0.3191489	0.4452555	0.6551724	0.4594595	0.92	1.0	0.0	0.0	0.0	1.0	1.0	1.0	1.0	
Greater White-fronted Goose	0.0	0.0	0.0	0.0	0.0	0.2	0.0	0.3333333	0.0	0.0	0.2631579	0.1904762	0.1176471	0.04	0.1	0.08	0.0	0.0	0.0	0.0	0.0	0.0	0.0	0.0	0.0	0.0	0.0	0.0	0.0	0.0	0.0	0.0	0.0	0.0175439	0.0135135	0.0212766	0.0015	0.0114943	0.0015	0.04	0.0015	0.0	0.0	0.0	1.0	1.0	0.0	0.0	
Taiga Bean Goose	0.0	0.0	0.0	0.0	0.0	0.0	0.0	0.0	0.0	0.0	0.0	0.0	0.0	0.0	0.0	0.0	0.0	0.0	0.0	0.0	0.0	0.0	0.0	0.0	0.0	0.0	0.0	0.0	0.0	0.0	0.0	0.0	0.0	0.0	0.0135135	0.0015	0.0015	0.0	0.0	0.04	0.0	0.0	0.0	0.0	1.0	1.0	0.0	0.0	
Tundra Bean Goose	0.0	0.0	0.0	0.0	0.0	0.0	0.0	0.0	0.0	0.0	0.2105263	0.2857143	0.0588235	0.04	0.0	0.0	0.0	0.0	0.0	0.0	0.0	0.0	0.0	0.0	0.0	0.0	0.0	0.0	0.0	0.0	0.0	0.0	0.0	0.0	0.0	0.0496454	0.0	0.0114943	0.0	0.0015	0.0015	0.0	0.0	0.0	1.0	1.0	0.0	0.0	
Pink-footed Goose	0.0	0.0	0.0	0.0	0.0	0.0	0.0	0.0	0.25	0.5555556	0.4210526	0.5714286	0.3529412	0.2	0.15	0.2	0.1428571	0.0666667	0.030303	0.0454545	0.1538462	0.0666667	0.0606061	0.0015	0.0	0.0	0.0	0.0	0.0	0.0	0.0	0.0	0.0015	0.0877193	0.1891892	0.3758865	0.3941606	0.4482759	0.1756757	0.48	0.5	0.0	0.0	0.0	1.0	0.0	0.0	0.6	
Brent Goose	0.0	0.0	0.0	0.0	0.0	0.0	0.0	0.0	0.0	0.0	0.0	0.047619	0.0015	0.0015	0.0015	0.0015	0.0015	0.0015	0.030303	0.0015	0.0	0.0	0.0	0.0	0.0	0.0015	0.0	0.0	0.0	0.0	0.0	0.0	0.0	0.0526316	0.1081081	0.0496454	0.0072993	0.0229885	0.0015	0.0	0.0	0.0	0.0	0.0	0.0	0.0	0.0	0.0	
Barnacle Goose	0.0	0.0	0.0	0.0	0.0	0.0	0.0	0.0	0.0	0.0	0.2631579	0.2380952	0.1176471	0.04	0.0015	0.0015	0.0015	0.0015	0.1515152	0.0227273	0.025641	0.0333333	0.0606061	0.0	0.0	0.0	0.0	0.0	0.0	0.0	0.0	0.0	0.0	0.0	0.0	0.0921986	0.2554745	0.1954023	0.1216216	0.24	0.0015	0.0	0.0	0.0	1.0	1.0	0.0015	0.6	
Canada Goose	0.0	0.0	0.0	0.0	0.0	0.0	0.0	0.0	0.0	0.0	0.0	0.0	0.0015	0.0015	0.0015	0.0015	0.0015	0.0	0.0015	0.0227273	0.0	0.1666667	0.030303	0.0015	0.0	0.0	0.0	0.0	0.0	0.0	0.0	0.0	0.0	0.0	0.0	0.0	0.0	0.0	0.0	0.0	0.0	0.0	0.0	0.0	0.0	0.0	0.0	0.0	
Greylag x Canada Goose (hybrid)	0.0	0.0	0.0	0.0	0.0	0.0	0.0	0.0	0.0	0.0	0.0	0.0	0.0	0.0	0.0	0.0015	0.0	0.0	0.0	0.0	0.0	0.0	0.0	0.0	0.0	0.0	0.0	0.0	0.0	0.0	0.0	0.0	0.0	0.0	0.0	0.0	0.0	0.0	0.0	0.0	0.0	0.0	0.0	0.0	0.0	0.0	0.0	0.0	
Red-breasted Goose	0.0	0.0	0.0	0.0	0.0	0.0	0.0	0.0	0.0	0.0	0.0	0.0	0.0	0.0	0.0	0.0	0.0	0.0	0.0	0.0	0.0	0.0	0.0	0.0	0.0	0.0	0.0	0.0	0.0	0.0	0.0	0.0	0.0015	0.0015	0.0	0.0015	0.0	0.0	0.0	0.0	0.0	0.0	0.0	0.0	0.0	0.0	0.0	0.0	
Mute Swan	0.0	0.0	0.0	0.0	0.0	0.0	0.0	0.0	0.0	0.0	0.0	0.0	0.0	0.0	0.0	0.04	0.0	0.0015	0.0	0.0227273	0.0	0.0	0.0015	0.0	0.0	0.0	0.0015	0.0	0.0	0.0	0.0	0.0	0.0	0.0	0.0	0.0	0.0	0.0	0.0	0.0	0.0	0.0	0.0	0.0	0.0	0.0	0.0	0.0	
Whooper Swan	0.0	0.0	0.0	0.0	0.2	0.4	0.0	0.0	0.0	0.0	0.0	0.1904762	0.0	0.0	0.0	0.0	0.0	0.0	0.0	0.0	0.0	0.0	0.0	0.0	0.0	0.0	0.0	0.0	0.0	0.0	0.0015	0.0508475	0.037037	0.0015	0.0015	0.1134752	0.189781	0.2183908	0.0945946	0.08	0.0015	0.0	0.0	0.0	1.0	1.0	0.5	0.2	
goose sp.	0.0	0.0	0.0	0.0	0.0	0.0	0.0	0.0	0.0	0.0	0.0	0.0	0.0	0.0	0.0	0.0	0.0	0.0	0.0	0.0	0.0	0.0	0.0	0.0	0.0	0.0	0.0	0.0	0.0	0.0	0.0	0.0	0.0	0.0	0.0	0.0015	0.0	0.0	0.0	0.0	0.0	0.0	0.0	0.0	0.0	0.0	0.0	0.0	
Common Shelduck	0.0	0.0	0.0	0.0	0.0	0.0	0.0	0.0	0.0	0.0	0.0	0.0015	0.0588235	0.0015	0.0015	0.0015	0.0357143	0.0333333	0.0015	0.0227273	0.0015	0.0	0.0	0.0333333	0.0	0.0	0.0769231	0.0015	0.0015	0.0	0.0	0.0	0.0	0.0175439	0.0015	0.0015	0.0	0.0	0.0015	0.0015	0.0	0.0	0.0	0.0	0.0	0.0	0.0	0.0	
Mandarin Duck	0.0	0.0	0.0	0.0	0.0	0.0	0.0	0.0	0.0	0.0	0.0	0.0	0.0	0.0	0.0	0.0	0.0	0.0	0.0	0.0	0.0	0.0	0.0	0.0	0.0	0.0	0.0	0.0	0.0	0.0015	0.0	0.0	0.0	0.0	0.0	0.0015	0.0015	0.0	0.0	0.0	0.0	0.0	0.0	0.0	0.0	0.0	0.0	0.0	
Baikal Teal	0.0	0.0	0.0	0.0	0.0	0.0	0.0	0.0	0.0	0.0	0.0	0.0	0.0	0.0	0.0	0.0	0.0	0.0	0.0	0.0	0.0	0.0	0.0	0.0	0.0	0.0	0.0	0.0	0.0	0.0	0.0	0.0	0.0	0.0	0.0	0.0070922	0.0218978	0.0	0.0	0.0	0.0	0.0	0.0	0.0	0.0	0.0	0.0	0.0	
Garganey	0.0	0.0	0.0	0.0	0.0	0.0	0.0	0.0	0.0	0.0	0.0	0.0	0.0	0.0015	0.05	0.0015	0.0	0.0	0.0	0.0	0.0	0.0	0.0	0.0	0.0	0.0	0.0	0.0	0.0	0.0	0.0	0.0	0.0	0.0	0.0015	0.0	0.0	0.0	0.0	0.0	0.0	0.0	0.0	0.0	0.0	0.0	0.0	0.0	
Northern Shoveler	0.0	0.0	0.0	0.0	0.0	0.0	0.0	0.0	0.0	0.0	0.0	0.0015	0.0	0.0	0.0015	0.0	0.0015	0.0015	0.030303	0.0	0.0	0.0	0.0	0.0	0.0015	0.0015	0.0	0.0015	0.0833333	0.0	0.0	0.0169492	0.0015	0.0015	0.0135135	0.0070922	0.0145985	0.0015	0.0	0.0	0.0	0.0	0.0	0.0	0.0	0.0	0.0	0.0	
Gadwall	0.0	0.0	0.0	0.0	0.0	0.0	0.0	0.0	0.0	0.0	0.0	0.0	0.0	0.0	0.0	0.0015	0.0	0.0	0.0	0.0227273	0.025641	0.0	0.0	0.0	0.0	0.0	0.0	0.0	0.0	0.0	0.0	0.0	0.0185185	0.0	0.0	0.0015	0.0072993	0.0015	0.0	0.0	0.0	0.0	0.0	0.0	0.0	0.0	0.0	0.0	
Eurasian Wigeon	0.0	0.0	0.0	0.0	0.4	0.4	0.0	0.6666667	0.25	0.5555556	0.2631579	0.1904762	0.1176471	0.04	0.15	0.12	0.0015	0.0666667	0.0606061	0.0015	0.0015	0.0015	0.0606061	0.0015	0.125	0.0555556	0.0015	0.0	0.0015	0.0015	0.0015	0.1355932	0.2592593	0.1754386	0.2972973	0.3191489	0.4452555	0.5632184	0.2567568	0.52	0.5	0.0	0.0	0.0	1.0	1.0	0.0	0.4	
American Wigeon	0.0	0.0	0.0	0.0	0.0	0.0	0.0	0.0	0.0	0.0	0.0	0.0015	0.0	0.0	0.0	0.0	0.0	0.0	0.0	0.0	0.0	0.0	0.0	0.0	0.0	0.0	0.0	0.0	0.0	0.0	0.0	0.0	0.0	0.0	0.0015	0.0	0.0	0.0	0.0	0.0	0.0	0.0	0.0	0.0	0.0	0.0	0.0	0.0	
Mallard	0.5	1.0	0.5	1.0	0.8	1.0	0.0	0.6666667	1.0	0.6666667	0.6842105	0.8571429	0.5882353	0.4	0.3	0.32	0.3214286	0.3333333	0.2424242	0.3636364	0.3589744	0.6	0.4848485	0.2333333	0.5	0.4444444	0.2307692	0.2173913	0.25	0.3333333	0.2222222	0.3389831	0.3333333	0.1929825	0.2162162	0.2836879	0.4306569	0.5402299	0.2972973	0.64	0.5	0.0	0.0	0.0	1.0	1.0	0.5	0.6	
Northern Pintail	0.0	0.0	0.0	0.0	0.0	0.0	0.0	0.0	0.0	0.0	0.0	0.047619	0.0	0.04	0.0	0.0015	0.0	0.0015	0.0606061	0.0227273	0.0015	0.0	0.0	0.0	0.0015	0.0	0.0015	0.0	0.0	0.0	0.0	0.0	0.0185185	0.0175439	0.0135135	0.0212766	0.0145985	0.0015	0.0135135	0.0015	0.0015	0.0	0.0	0.0	0.0	0.0	0.0	0.0	
Mallard x Northern Pintail (hybrid)	0.0	0.0	0.0	0.0	0.0	0.0	0.0	0.0	0.0	0.0	0.0	0.0	0.0	0.0	0.0	0.0	0.0	0.0	0.0	0.0	0.0	0.0	0.0	0.0	0.0	0.0	0.0	0.0	0.0	0.0	0.0	0.0	0.0	0.0	0.0	0.0	0.0145985	0.0	0.0	0.0	0.0	0.0	0.0	0.0	0.0	0.0	0.0	0.0	
Eurasian/Green-winged Teal	0.5	0.0	0.0	0.0	0.4	1.0	0.0	0.3333333	0.75	0.6666667	0.5263158	0.7142857	0.5882353	0.28	0.15	0.2	0.1071429	0.1666667	0.1515152	0.0015	0.1025641	0.0666667	0.0606061	0.0015	0.0015	0.0555556	0.2307692	0.0434783	0.0833333	0.037037	0.3333333	0.3898305	0.4074074	0.2631579	0.3108108	0.3120567	0.3576642	0.3563218	0.1756757	0.28	0.5	0.0	0.0	0.0	1.0	1.0	0.25	0.8	
Common Pochard	0.0	0.0	0.0	0.0	0.0	0.0	0.0	0.0	0.0	0.0	0.0	0.0	0.0	0.0015	0.0	0.0	0.0	0.0	0.0	0.0	0.0	0.0	0.0	0.0	0.0	0.0	0.0	0.0	0.0	0.0	0.0	0.0	0.0	0.0	0.0	0.0015	0.0145985	0.0015	0.0	0.0	0.0	0.0	0.0	0.0	0.0	0.0	0.0	0.0	
Tufted Duck	0.0	0.0	0.0	0.0	0.0	0.0	0.0	0.0	0.0	0.0	0.0	0.0	0.0588235	0.0015	0.05	0.12	0.1428571	0.2	0.2727273	0.0454545	0.1282051	0.0333333	0.0	0.0015	0.25	0.1111111	0.0015	0.0	0.0416667	0.0015	0.0	0.0015	0.0185185	0.0	0.0135135	0.035461	0.0218978	0.0229885	0.0405405	0.0015	0.0	0.0	0.0	0.0	0.0	0.0	0.0	0.0	
Greater Scaup	0.0	0.0	0.0	0.0	0.0	0.0	0.0	0.0	0.0	0.0	0.0	0.0	0.0	0.0	0.0	0.0	0.0	0.0	0.0	0.0	0.0	0.0	0.0	0.0	0.0	0.0	0.0	0.0	0.0	0.0	0.0	0.0	0.0	0.0015	0.0015	0.0283688	0.0875912	0.0114943	0.0135135	0.0	0.0	0.0	0.0	0.0	0.0	0.0	0.0	0.0	
King Eider	0.0	0.0	0.0	0.0	0.0	0.0	0.0	0.0	0.0	0.0	0.0	0.0	0.0	0.0	0.2	0.16	0.0	0.0	0.0015	0.0	0.0	0.0	0.0	0.0	0.0	0.0	0.0	0.0	0.0416667	0.0	0.0	0.0	0.0185185	0.0015	0.0135135	0.0015	0.0072993	0.0229885	0.0015	0.0	0.0	0.0	0.0	0.0	0.0	0.0	0.0	0.0	
Common Eider	0.0	0.0	0.0	0.0	0.6	0.6	0.0	0.3333333	0.75	0.3333333	0.5263158	0.8095238	0.7058824	0.52	0.35	0.36	0.4285714	0.5666667	0.7272727	0.5909091	0.5641026	0.6666667	0.6363636	0.6	0.875	0.8333333	0.7692308	0.6086957	0.625	0.5925926	0.6666667	0.559322	0.537037	0.4385965	0.3513514	0.3687943	0.5620438	0.6551724	0.4324324	0.8	0.5	0.0	0.0	0.0	1.0	1.0	0.75	0.8	
Surf Scoter	0.0	0.0	0.0	0.0	0.0	0.0	0.0	0.0	0.0	0.0	0.0	0.0	0.0	0.0	0.0	0.0	0.0	0.0	0.0015	0.0015	0.0	0.0	0.0	0.0	0.0	0.0	0.0	0.0	0.0	0.0	0.0	0.0	0.0	0.0	0.0	0.0	0.0	0.091954	0.0675676	0.0	0.0	0.0	0.0	0.0	0.0	0.0	0.0	0.0	
Velvet Scoter	0.0	0.0	0.0	0.0	0.0	0.0	0.0	0.0	0.0	0.0	0.0	0.0	0.0	0.0	0.0	0.0	0.0	0.0	0.0	0.0	0.0	0.0	0.0	0.0	0.0	0.0	0.0	0.0	0.0	0.0	0.0	0.0	0.0	0.0175439	0.0	0.0015	0.0072993	0.0	0.0135135	0.04	0.0	0.0	0.0	0.0	0.0	0.0	0.0	0.0	
Common Scoter	0.0	0.0	0.0	0.0	0.0	0.0	0.0	0.0	0.0	0.0	0.0015	0.0952381	0.0	0.0	0.0	0.0	0.0	0.0	0.0	0.0	0.0	0.0	0.0	0.0	0.0	0.0	0.0	0.0	0.0015	0.0	0.0	0.0169492	0.0	0.0015	0.0135135	0.0141844	0.0364964	0.0574713	0.0015	0.12	0.0015	0.0	0.0	0.0	0.0	0.0	0.0	0.2	
Long-tailed Duck	0.0	0.0	0.0	0.0	0.0	0.0	0.0	0.0	0.0	0.0	0.0	0.0015	0.0015	0.08	0.05	0.04	0.0015	0.0333333	0.0015	0.0015	0.0769231	0.0	0.0015	0.0	0.0	0.0	0.0	0.0	0.0	0.0	0.0	0.0	0.0	0.0	0.0	0.0283688	0.0583942	0.2528736	0.2027027	0.32	0.0015	0.0	0.0	0.0	0.0	0.0	0.0	0.0	
Common Goldeneye	0.0	0.0	0.0	0.0	0.0	0.0	0.0	0.0	0.0	0.0	0.0526316	0.047619	0.0	0.0015	0.05	0.0	0.0	0.0	0.0	0.0	0.0	0.0	0.0	0.0	0.0	0.0	0.0	0.0	0.0	0.0	0.0015	0.0015	0.0015	0.0	0.0	0.0070922	0.0015	0.0574713	0.0540541	0.08	0.0015	0.0	0.0	0.0	0.0	0.0	0.0	0.0	
Goosander	0.0	0.0	0.0	0.0	0.0	0.0	0.0	0.0	0.0	0.0	0.0	0.0	0.0	0.0	0.0	0.0015	0.0	0.0015	0.0015	0.0015	0.0015	0.0	0.030303	0.0	0.0	0.0	0.0	0.0	0.0	0.0	0.0	0.0	0.0	0.0	0.0	0.0	0.0	0.0015	0.0	0.0	0.0	0.0	0.0	0.0	0.0	0.0	0.0	0.0	
Red-breasted Merganser	0.0	0.0	0.0	0.0	0.0	0.4	0.0	0.0	0.0	0.0	0.1052632	0.0015	0.0015	0.0015	0.05	0.04	0.0015	0.0333333	0.0015	0.0015	0.0015	0.0015	0.1212121	0.1	0.125	0.0015	0.0015	0.0434783	0.0416667	0.0015	0.0	0.0	0.0015	0.0175439	0.027027	0.0921986	0.1386861	0.2068966	0.1486486	0.12	0.0015	0.0	0.0	0.0	0.0	0.0	0.0	0.2	
Common Quail	0.0	0.0	0.0	0.0	0.0	0.0	0.0	0.0	0.0	0.0	0.0	0.0	0.0	0.0	0.0015	0.0	0.0015	0.0015	0.0015	0.0681818	0.0015	0.0666667	0.030303	0.0333333	0.0015	0.0	0.0	0.0015	0.0	0.0	0.0	0.0	0.0	0.0	0.0	0.0015	0.0	0.0	0.0	0.0	0.0	0.0	0.0	0.0	0.0	0.0	0.0	0.0	
Rock Dove	1.0	1.0	0.5	1.0	0.6	1.0	0.0	1.0	1.0	0.8888889	0.7368421	0.952381	0.8235294	0.64	0.45	0.4	0.6071429	0.5333333	0.6363636	0.5454545	0.6410256	0.6666667	0.7575758	0.5666667	1.0	0.7777778	0.8461538	0.5652174	0.7083333	0.6296296	0.6666667	0.6440678	0.6296296	0.4561404	0.4054054	0.4539007	0.6131387	0.6781609	0.3918919	0.96	0.5	0.0	0.0	0.0	1.0	1.0	0.5	1.0	
Stock Dove	0.0	0.0	0.0	0.0	0.0	0.0	0.0	0.0	0.0	0.0	0.0	0.1428571	0.0	0.0015	0.0015	0.0015	0.0015	0.0015	0.0015	0.0	0.0015	0.0	0.0	0.0	0.0	0.0	0.0	0.0	0.0	0.0	0.0	0.0	0.0	0.0	0.0	0.0070922	0.0145985	0.0015	0.0	0.0	0.0	0.0	0.0	0.0	0.0	0.0	0.0	0.0	
Common Woodpigeon	0.0	0.0	0.0	0.0	0.0	0.0	0.0	0.0	0.0	0.1111111	0.1578947	0.5714286	0.4117647	0.48	0.3	0.24	0.2857143	0.3	0.3939394	0.1590909	0.1538462	0.3333333	0.0909091	0.0666667	0.25	0.0555556	0.0	0.0015	0.0015	0.0015	0.0	0.0338983	0.0	0.0175439	0.0405405	0.0212766	0.1824818	0.3218391	0.1081081	0.4	0.0015	0.0	0.0	0.0	0.0	0.0	0.0	0.0	
European Turtle Dove	0.0	0.0	0.0	0.0	0.0	0.0	0.0	0.0	0.0	0.0	0.0	0.0	0.0	0.0	0.0	0.0	0.0	0.0	0.0606061	0.0227273	0.0015	0.0333333	0.0015	0.0666667	0.0	0.0	0.0	0.0	0.0	0.0	0.0015	0.0169492	0.0185185	0.0701754	0.0540541	0.0283688	0.0072993	0.0114943	0.0	0.0	0.0	0.0	0.0	0.0	0.0	0.0	0.0	0.0	
Collared Dove	0.0	0.0	0.0	0.0	0.0	0.0	0.0	0.0	0.0	0.0	0.0	0.0	0.0015	0.08	0.05	0.04	0.1785714	0.0666667	0.2727273	0.2045455	0.1538462	0.2	0.2121212	0.1666667	0.125	0.0015	0.0769231	0.0015	0.0	0.0740741	0.0015	0.0847458	0.0555556	0.0175439	0.0135135	0.0212766	0.0145985	0.0	0.0015	0.0	0.0	0.0	0.0	0.0	0.0	0.0	0.0	0.0	
Common Cuckoo	0.0	0.0	0.0	0.0	0.0	0.0	0.0	0.0	0.0	0.0	0.0	0.0	0.0	0.0	0.0	0.0	0.0015	0.0333333	0.2121212	0.0909091	0.1025641	0.0666667	0.0	0.0	0.0015	0.0015	0.0769231	0.0015	0.0015	0.0	0.0	0.0	0.0185185	0.0015	0.0	0.0	0.0	0.0	0.0	0.0	0.0	0.0	0.0	0.0	0.0	0.0	0.0	0.0	
Eurasian Nightjar	0.0	0.0	0.0	0.0	0.0	0.0	0.0	0.0	0.0	0.0	0.0	0.0	0.0	0.0	0.0	0.0	0.0	0.0	0.0015	0.0015	0.0	0.0	0.0	0.0	0.0	0.0	0.0	0.0	0.0	0.0	0.0	0.0	0.0	0.0	0.0	0.0015	0.0	0.0	0.0	0.0	0.0	0.0	0.0	0.0	0.0	0.0	0.0	0.0	
Common Swift	0.0	0.0	0.0	0.0	0.0	0.0	0.0	0.0	0.0	0.0	0.0	0.0	0.0	0.0	0.0015	0.0015	0.0	0.0015	0.030303	0.0681818	0.025641	0.0333333	0.030303	0.0666667	0.0015	0.0555556	0.2307692	0.0015	0.0015	0.1111111	0.0015	0.1186441	0.1296296	0.1578947	0.0405405	0.0015	0.0015	0.0	0.0	0.0	0.0	0.0	0.0	0.0	0.0	0.0	0.0	0.0	
Water Rail	0.0	0.0	0.0	0.0	0.2	0.0	0.0	0.0	0.0	0.0	0.1052632	0.2857143	0.0588235	0.08	0.0015	0.0015	0.0015	0.0333333	0.0015	0.0	0.0015	0.0	0.0	0.0333333	0.0	0.0	0.0	0.0	0.0	0.0	0.0	0.0	0.037037	0.0350877	0.027027	0.0496454	0.080292	0.1034483	0.0810811	0.2	0.0015	0.0	0.0	0.0	1.0	1.0	0.0	0.2	
Corncrake	0.0	0.0	0.0	0.0	0.0	0.0	0.0	0.0	0.0	0.0	0.0	0.0	0.0	0.0	0.0	0.0	0.0	0.0	0.0	0.0	0.0	0.0	0.0	0.0	0.0	0.0	0.0	0.0	0.0	0.0	0.0	0.0169492	0.0185185	0.0175439	0.0015	0.0212766	0.0072993	0.0015	0.0	0.0	0.0	0.0	0.0	0.0	0.0	0.0	0.0	0.0	
Spotted Crake	0.0	0.0	0.0	0.0	0.0	0.0	0.0	0.0	0.0	0.0	0.0	0.0	0.0	0.0	0.0	0.0	0.0	0.0	0.0	0.0	0.0	0.0	0.0	0.0	0.0	0.0	0.0	0.0	0.0	0.0	0.0015	0.0	0.0	0.0	0.027027	0.0070922	0.0145985	0.0015	0.0015	0.0	0.0	0.0	0.0	0.0	0.0	0.0	0.0	0.0	
Common Moorhen	0.0	0.0	0.0	0.0	0.0	0.0	0.0	0.0	0.0	0.0	0.0	0.1428571	0.0015	0.04	0.05	0.0	0.0015	0.0015	0.0	0.0227273	0.025641	0.0666667	0.0606061	0.0	0.0015	0.0	0.0	0.0	0.0416667	0.0	0.0015	0.0	0.0185185	0.0	0.0135135	0.0015	0.0015	0.0	0.0015	0.2	0.0	0.0015	0.0	0.0	0.0	0.0	0.0	0.0	
Eurasian Coot	0.0	0.0	0.0	0.0	0.0	0.0	0.0	0.0	0.0	0.0	0.0	0.0	0.1176471	0.0	0.0	0.0	0.0	0.0	0.0	0.0227273	0.0	0.0	0.0	0.0	0.0	0.0	0.0	0.0	0.0	0.0	0.0	0.0	0.0	0.0	0.0	0.0	0.0	0.0	0.0	0.0	0.0	0.0	0.0	0.0	0.0	0.0	0.0	0.0	
Stone-curlew	0.0	0.0	0.0	0.0	0.0	0.0	0.0	0.0	0.0	0.0	0.0	0.0	0.0	0.0	0.0	0.0	0.0	0.0	0.0	0.0015	0.0	0.0	0.0	0.0	0.0	0.0555556	0.0	0.0	0.0	0.0	0.0	0.0	0.0	0.0	0.0	0.0	0.0	0.0	0.0	0.0	0.0	0.0	0.0	0.0	0.0	0.0	0.0	0.0	
Black-winged Stilt	0.0	0.0	0.0	0.0	0.0	0.0	0.0	0.0	0.0	0.0	0.0	0.0	0.0	0.0	0.0	0.0	0.0	0.0	0.0	0.0	0.0	0.0	0.0	0.0	0.0	0.0	0.0	0.0	0.0	0.0	0.0	0.0	0.0	0.0	0.0	0.0	0.0	0.0229885	0.0	0.0	0.0	0.0	0.0	0.0	0.0	0.0	0.0	0.0	
Eurasian Oystercatcher	0.0	0.0	0.5	0.0	0.2	0.8	0.0	1.0	0.5	1.0	0.5789474	0.952381	0.8235294	0.64	0.4	0.36	0.6071429	0.6333333	0.6969697	0.6363636	0.7179487	0.7666667	0.7878788	0.7	1.0	0.7777778	0.9230769	0.6521739	0.6666667	0.7037037	0.7222222	0.4745763	0.5925926	0.4035088	0.2432432	0.212766	0.270073	0.2873563	0.0540541	0.12	0.5	0.0	0.0	0.0	0.0	0.0015	0.25	0.6	
Grey Plover	0.0	0.0	0.0	0.0	0.0	0.0	0.0	0.0	0.0	0.0	0.0	0.0	0.0	0.0	0.0015	0.0	0.0	0.0	0.0	0.0227273	0.0	0.0	0.0	0.0	0.0	0.0	0.0	0.0	0.0	0.037037	0.0	0.0015	0.0185185	0.0175439	0.0405405	0.0425532	0.0364964	0.0344828	0.0135135	0.0	0.0	0.0	0.0	0.0	0.0	0.0	0.0	0.0	
European Golden Plover	0.0	0.0	0.0	0.0	0.0	0.0	0.0	0.0	0.25	0.2222222	0.1578947	0.7142857	0.5294118	0.16	0.5	0.36	0.1428571	0.3666667	0.030303	0.2045455	0.1282051	0.1	0.0015	0.0333333	0.0015	0.0015	0.0769231	0.0434783	0.0833333	0.4074074	0.5	0.5084746	0.5555556	0.3859649	0.2972973	0.4184397	0.4963504	0.3563218	0.1621622	0.36	0.0015	0.0	0.0	0.0	1.0	0.0	0.25	0.4	
American Golden Plover	0.0	0.0	0.0	0.0	0.0	0.0	0.0	0.0	0.0	0.0	0.0	0.0	0.0	0.0	0.0	0.0	0.0	0.0	0.0	0.0	0.0	0.0	0.0	0.0	0.0	0.0	0.0	0.0	0.0	0.0	0.0	0.0	0.0	0.0015	0.0	0.0141844	0.0145985	0.0	0.0	0.0	0.0	0.0	0.0	0.0	0.0	0.0	0.0	0.0	
Grey Plover/golden plover sp.	0.0	0.0	0.0	0.0	0.0	0.0	0.0	0.0	0.0	0.0	0.0	0.0	0.0	0.0	0.0	0.0	0.0	0.0	0.0	0.0	0.0	0.0	0.0	0.0	0.0	0.0	0.0	0.0	0.0	0.0	0.0	0.0	0.0	0.0	0.0	0.0070922	0.0	0.0	0.0	0.0	0.0	0.0	0.0	0.0	0.0	0.0	0.0	0.0	
Eurasian Dotterel	0.0	0.0	0.0	0.0	0.0	0.0	0.0	0.0	0.0	0.0	0.0	0.0	0.0	0.0	0.0	0.0	0.0	0.0	0.0	0.0	0.0	0.0	0.0	0.0	0.0	0.0	0.0	0.0	0.0	0.0	0.0	0.0	0.0015	0.0015	0.0015	0.0015	0.0072993	0.0015	0.0015	0.0	0.0	0.0	0.0	0.0	0.0	0.0	0.0	0.0	
Common Ringed Plover	0.0	0.0	0.0	0.0	0.0015	0.0	0.0	1.0	1.0	0.6666667	0.6315789	0.9047619	0.5882353	0.48	0.25	0.36	0.4642857	0.4666667	0.5757576	0.4090909	0.4358974	0.7	0.6363636	0.5333333	0.875	0.9444444	0.8461538	0.6086957	0.5416667	0.5925926	0.6666667	0.6779661	0.6111111	0.4561404	0.2972973	0.2907801	0.2335766	0.1034483	0.0675676	0.08	0.0015	0.0	0.0	0.0	0.0	0.0	0.0	0.4	
Little Ringed Plover	0.0	0.0	0.0	0.0	0.0	0.0	0.0	0.0	0.0	0.0	0.0	0.0	0.0	0.0	0.0015	0.0	0.0015	0.0	0.030303	0.0	0.0	0.0	0.0	0.0	0.0	0.0	0.0	0.0	0.0	0.0	0.0	0.0	0.0	0.0	0.0	0.0	0.0	0.0	0.0	0.0	0.0	0.0	0.0	0.0	0.0	0.0	0.0	0.0	
Northern Lapwing	0.5	0.0	0.0	0.0	0.8	0.8	0.0	1.0	0.75	0.8888889	0.6315789	0.8571429	0.7647059	0.4	0.25	0.32	0.4285714	0.3666667	0.4545455	0.4090909	0.4615385	0.5666667	0.6363636	0.4666667	0.75	0.4444444	0.4615385	0.0869565	0.25	0.3703704	0.2222222	0.220339	0.2777778	0.0877193	0.2162162	0.212766	0.2846715	0.2298851	0.1486486	0.4	0.0015	0.0	0.0	0.0	1.0	1.0	0.25	0.8	
Caspian Plover	0.0	0.0	0.0	0.0	0.0	0.0	0.0	0.0	0.0	0.0	0.0	0.0	0.0	0.0	0.0	0.0	0.0015	0.0	0.0	0.0	0.0	0.0	0.0	0.0	0.0	0.0	0.0	0.0	0.0	0.0	0.0	0.0	0.0	0.0	0.0	0.0	0.0	0.0	0.0	0.0	0.0	0.0	0.0	0.0	0.0	0.0	0.0	0.0	
Upland Sandpiper	0.0	0.0	0.0	0.0	0.0	0.0	0.0	0.0	0.0	0.0	0.0	0.0	0.0	0.0	0.0	0.0	0.0	0.0	0.0	0.0	0.0	0.0	0.0	0.0	0.0	0.0	0.0	0.0	0.0	0.0	0.0	0.0	0.0	0.0	0.0	0.0070922	0.0	0.0	0.0	0.0	0.0	0.0	0.0	0.0	0.0	0.0	0.0	0.0	
Whimbrel	0.0	0.0	0.0	0.0	0.0	0.0	0.0	0.0	0.0	0.0	0.0	0.0	0.0	0.0015	0.05	0.28	0.2857143	0.4	0.4545455	0.2727273	0.1794872	0.3666667	0.3030303	0.1	0.5	0.0555556	0.3076923	0.3913043	0.2083333	0.2222222	0.2222222	0.1694915	0.1666667	0.0526316	0.027027	0.0070922	0.0015	0.0	0.0	0.0	0.0	0.0	0.0	0.0	0.0	0.0	0.0	0.0	
Eurasian Curlew	0.5	1.0	0.5	0.0	0.6	1.0	0.0	0.3333333	0.5	0.6666667	0.6315789	0.952381	0.6470588	0.44	0.3	0.28	0.3928571	0.4	0.4848485	0.5909091	0.5641026	0.7333333	0.7575758	0.6	0.875	0.6666667	0.6153846	0.3478261	0.4583333	0.5555556	0.6111111	0.5762712	0.6111111	0.4210526	0.4054054	0.3617021	0.4890511	0.5747126	0.3513514	0.44	0.5	0.0	0.0	0.0	1.0	1.0	0.75	0.8	
Bar-tailed Godwit	0.0	0.0	0.0	0.0	0.0	0.0	0.0	0.0	0.0	0.0	0.0	0.0	0.0	0.0015	0.0015	0.0	0.0	0.0015	0.0606061	0.0015	0.0	0.0	0.0	0.0333333	0.0015	0.0015	0.0015	0.0434783	0.0015	0.0015	0.0015	0.0338983	0.1111111	0.1052632	0.1216216	0.0567376	0.0072993	0.0114943	0.0	0.0015	0.0	0.0	0.0	0.0	0.0	0.0	0.0	0.0	
Black-tailed Godwit	0.0	0.0	0.0	0.0	0.0	0.0	0.0	0.0	0.0	0.0	0.0	0.0015	0.0	0.0	0.0015	0.0015	0.0015	0.0666667	0.030303	0.0015	0.1538462	0.0015	0.0015	0.0	0.0015	0.0555556	0.3076923	0.0434783	0.0015	0.037037	0.0555556	0.0508475	0.0015	0.0175439	0.027027	0.0015	0.0145985	0.0	0.0	0.0	0.0	0.0	0.0	0.0	0.0	0.0	0.0	0.0	
Long-billed Dowitcher	0.0	0.0	0.0	0.0	0.0	0.0	0.0	0.0	0.0	0.0	0.0	0.0	0.0	0.0	0.0	0.0	0.0	0.0	0.0	0.0	0.0	0.0	0.0	0.0	0.0	0.0	0.0	0.0	0.0	0.0	0.0	0.0	0.0	0.0175439	0.0	0.0141844	0.0	0.0015	0.0	0.0	0.0	0.0	0.0	0.0	0.0	0.0	0.0	0.0	
Jack Snipe	0.0	0.0	0.0	0.0	0.0	0.0	0.0	0.0	0.0	0.0	0.0	0.047619	0.0015	0.0015	0.0015	0.0015	0.0357143	0.0	0.0606061	0.0	0.0	0.0	0.0	0.0	0.0	0.0	0.0	0.0	0.0	0.0015	0.0	0.0	0.0185185	0.0877193	0.1756757	0.3191489	0.4014599	0.5402299	0.2027027	0.36	0.0015	0.0	0.0	0.0	0.0	0.0	0.0	0.6	
Eurasian Woodcock	0.0	0.0	0.0	0.0	0.0	0.0	0.0	0.0	0.0	0.0	0.0526316	0.2857143	0.1764706	0.08	0.05	0.0015	0.0	0.0	0.0606061	0.0227273	0.0	0.0	0.0	0.0	0.0015	0.0	0.0	0.0	0.0	0.0	0.0	0.0	0.0	0.0	0.0135135	0.0070922	0.0291971	0.1149425	0.1486486	0.52	0.5	0.0	0.0	0.0	0.0	0.0	0.0	0.2	
Great Snipe	0.0	0.0	0.0	0.0	0.0	0.0	0.0	0.0	0.0	0.0	0.0	0.0	0.0	0.0	0.0	0.0015	0.0015	0.0	0.0	0.0	0.0	0.0	0.0	0.0	0.0	0.0	0.0	0.0	0.0	0.0	0.0	0.0169492	0.0	0.0175439	0.0675676	0.0212766	0.0	0.0	0.0	0.0	0.0	0.0	0.0	0.0	0.0	0.0	0.0	0.0	
Common Snipe	0.5	0.0	0.0	0.0	0.0	0.2	0.0	0.3333333	0.0	0.3333333	0.5263158	0.952381	0.5882353	0.44	0.45	0.36	0.5357143	0.4666667	0.4848485	0.4318182	0.4358974	0.7	0.6060606	0.5666667	0.875	0.7777778	0.6153846	0.3043478	0.4166667	0.5185185	0.6111111	0.5762712	0.7407407	0.5438596	0.527027	0.5035461	0.6569343	0.7356322	0.4054054	0.84	0.5	0.0	0.0	0.0	1.0	0.0	0.75	1.0	
Grey Phalarope	0.0	0.0	0.0	0.0	0.0	0.0	0.0	0.0	0.0	0.0	0.0	0.0	0.0	0.0	0.0	0.0	0.0	0.0	0.0	0.0	0.0	0.0	0.0	0.0	0.0	0.0	0.0	0.0	0.0	0.0	0.0	0.0	0.0185185	0.0015	0.0135135	0.0015	0.0015	0.0015	0.0015	0.0015	0.0015	0.0	0.0	0.0	0.0	0.0	0.0	0.0	
Red-necked Phalarope	0.0	0.0	0.0	0.0	0.0	0.0	0.0	0.0	0.0	0.0	0.0	0.0	0.0	0.0	0.0	0.0	0.0	0.0	0.0	0.0	0.0	0.0	0.0	0.0	0.0	0.0	0.0	0.0	0.0	0.0015	0.0	0.0169492	0.0	0.0	0.0	0.0	0.0	0.0	0.0	0.0	0.0	0.0	0.0	0.0	0.0	0.0	0.0	0.0	
phalarope sp.	0.0	0.0	0.0	0.0	0.0	0.0	0.0	0.0	0.0	0.0	0.0	0.0	0.0	0.0	0.0	0.0	0.0	0.0	0.0	0.0	0.0	0.0	0.0	0.0	0.0	0.0	0.0	0.0	0.0	0.0	0.0	0.0	0.0	0.0	0.0015	0.0	0.0	0.0	0.0	0.0	0.0	0.0	0.0	0.0	0.0	0.0	0.0	0.0	
Terek Sandpiper	0.0	0.0	0.0	0.0	0.0	0.0	0.0	0.0	0.0	0.0	0.0	0.0	0.0	0.0	0.0	0.0	0.0	0.0	0.0	0.0	0.0	0.0015	0.0	0.0	0.0	0.0	0.0	0.0	0.0	0.0	0.0	0.0	0.0	0.0	0.0	0.0	0.0	0.0	0.0	0.0	0.0	0.0	0.0	0.0	0.0	0.0	0.0	0.0	
Common Sandpiper	0.0	0.0	0.0	0.0	0.0	0.0	0.0	0.0	0.0	0.0	0.0	0.0	0.0	0.0	0.0	0.04	0.0357143	0.2	0.3939394	0.0909091	0.025641	0.0666667	0.030303	0.0	0.0	0.1111111	0.0015	0.1304348	0.0416667	0.1111111	0.1111111	0.0847458	0.1296296	0.0701754	0.0405405	0.0283688	0.0145985	0.0229885	0.0	0.0	0.0	0.0	0.0	0.0	0.0	0.0	0.0	0.0	
Green Sandpiper	0.0	0.0	0.0	0.0	0.0	0.0	0.0	0.0	0.0	0.0	0.0	0.0	0.0	0.0	0.0	0.0	0.0	0.0	0.0	0.0	0.0	0.0	0.0	0.0	0.0	0.0	0.0	0.0	0.1666667	0.3333333	0.1666667	0.1016949	0.1666667	0.0175439	0.027027	0.0015	0.0	0.0	0.0	0.0	0.0	0.0	0.0	0.0	0.0	0.0	0.0	0.0	
Wood Sandpiper	0.0	0.0	0.0	0.0	0.0	0.0	0.0	0.0	0.0	0.0	0.0	0.0	0.0	0.0	0.0	0.0	0.0	0.0	0.0	0.0	0.0	0.0	0.0	0.0	0.0	0.0	0.0	0.0	0.0416667	0.1851852	0.1111111	0.0169492	0.0185185	0.0	0.0	0.0	0.0	0.0	0.0	0.0	0.0	0.0	0.0	0.0	0.0	0.0	0.0	0.0	
Common Redshank	1.0	1.0	0.0	1.0	0.6	0.8	0.0	0.6666667	0.75	0.6666667	0.6315789	0.952381	0.7647059	0.6	0.35	0.24	0.25	0.2333333	0.1818182	0.1590909	0.1282051	0.3	0.1515152	0.4	0.75	0.8333333	0.8461538	0.6521739	0.5	0.5925926	0.8333333	0.6440678	0.5740741	0.4736842	0.4864865	0.4184397	0.6350365	0.6551724	0.4324324	0.84	0.5	0.0	0.0	0.0	1.0	1.0	0.75	0.8	
Lesser Yellowlegs	0.0	0.0	0.0	0.0	0.0	0.0	0.0	0.0	0.0	0.0	0.0	0.0	0.0	0.0	0.0	0.0	0.0	0.0	0.0015	0.0	0.0	0.0	0.0	0.0	0.0	0.0	0.0	0.0	0.0	0.0	0.0	0.0	0.0	0.0	0.0	0.0	0.0	0.0	0.0	0.0	0.0	0.0	0.0	0.0	0.0	0.0	0.0	0.0	
Spotted Redshank	0.0	0.0	0.0	0.0	0.0	0.0	0.0	0.0	0.0	0.0	0.0	0.0	0.0	0.0	0.0	0.0	0.0357143	0.0	0.0	0.0	0.0	0.0	0.0	0.0	0.0	0.0	0.0	0.0	0.0015	0.0	0.1111111	0.0015	0.037037	0.0175439	0.0405405	0.0070922	0.0	0.0	0.0	0.0	0.0	0.0	0.0	0.0	0.0	0.0	0.0	0.0	
Common Greenshank	0.0	0.0	0.0	0.0	0.0	0.0	0.0	0.0	0.0	0.0	0.0	0.0	0.0	0.0	0.0015	0.0015	0.0	0.0	0.0	0.0	0.0	0.0	0.0	0.0	0.0	0.0	0.0	0.0	0.0416667	0.0740741	0.1111111	0.1355932	0.037037	0.0175439	0.0015	0.0141844	0.0072993	0.0114943	0.027027	0.0	0.0	0.0	0.0	0.0	0.0	0.0	0.0	0.0	
Ruddy Turnstone	0.5	1.0	0.5	0.0	0.6	0.8	0.0	0.6666667	1.0	0.7777778	0.6315789	0.9047619	0.7058824	0.64	0.4	0.36	0.25	0.4	0.4242424	0.2272727	0.2307692	0.2666667	0.0909091	0.2333333	0.5	0.3888889	0.8461538	0.6086957	0.5833333	0.4814815	0.7777778	0.5932203	0.537037	0.4912281	0.4324324	0.4397163	0.6277372	0.6091954	0.4324324	0.8	1.0	0.0	0.0	0.0	1.0	1.0	1.0	0.8	
Red Knot	0.0	0.0	0.0	0.0	0.0	0.0	0.0	0.0	0.0	0.0	0.0	0.0	0.0	0.0	0.0	0.0015	0.0015	0.0666667	0.0606061	0.0227273	0.0	0.0	0.0	0.0	0.125	0.0	0.3846154	0.3043478	0.1666667	0.1851852	0.3333333	0.2881356	0.2592593	0.1929825	0.1486486	0.0921986	0.0437956	0.0015	0.0015	0.0	0.0	0.0	0.0	0.0	0.0	0.0	0.0	0.0	
Ruff	0.0	0.0	0.0	0.0	0.0	0.0	0.0	0.0	0.0	0.0	0.0	0.0	0.0	0.0	0.0	0.0	0.0	0.0	0.0	0.0015	0.0	0.0	0.0	0.0	0.0	0.0	0.0	0.0434783	0.0416667	0.1111111	0.1111111	0.1864407	0.2592593	0.2631579	0.1351351	0.0638298	0.0583942	0.0229885	0.0	0.0	0.0	0.0	0.0	0.0	0.0	0.0	0.0	0.0	
Curlew Sandpiper	0.0	0.0	0.0	0.0	0.0	0.0	0.0	0.0	0.0	0.0	0.0	0.0	0.0	0.0	0.0	0.0015	0.0	0.0	0.0	0.0227273	0.0	0.0	0.0	0.0	0.0	0.0	0.0	0.0	0.0	0.0	0.0	0.0169492	0.0185185	0.0015	0.0015	0.0141844	0.0015	0.0	0.0	0.0	0.0	0.0	0.0	0.0	0.0	0.0	0.0	0.0	
Temminck's Stint	0.0	0.0	0.0	0.0	0.0	0.0	0.0	0.0	0.0	0.0	0.0	0.0	0.0	0.0	0.0	0.0	0.0	0.0	0.0	0.0	0.0	0.0	0.0	0.0	0.0	0.0	0.0	0.0	0.0	0.0	0.0	0.0	0.0	0.0015	0.0015	0.0	0.0	0.0	0.0	0.0	0.0	0.0	0.0	0.0	0.0	0.0	0.0	0.0	
Buff-breasted Sandpiper	0.0	0.0	0.0	0.0	0.0	0.0	0.0	0.0	0.0	0.0	0.0	0.0	0.0	0.0	0.0	0.0	0.0	0.0	0.0	0.0	0.0	0.0	0.0	0.0	0.0	0.0	0.0	0.0	0.0	0.0	0.0	0.0	0.0185185	0.0175439	0.0135135	0.0070922	0.0015	0.0015	0.0	0.0	0.0	0.0	0.0	0.0	0.0	0.0	0.0	0.0	
Sanderling	0.0	0.0	0.0	0.0	0.0	0.0	0.0	0.0	0.0	0.0	0.0526316	0.0	0.0	0.0	0.0	0.0015	0.0015	0.0666667	0.030303	0.0454545	0.0769231	0.0333333	0.0015	0.0	0.0	0.1111111	0.3076923	0.3043478	0.2916667	0.4074074	0.3888889	0.2711864	0.2037037	0.1578947	0.0405405	0.0780142	0.0875912	0.0015	0.0	0.0015	0.0	0.0	0.0	0.0	0.0	0.0	0.0	0.0	
Dunlin	0.0	0.0	0.0	0.0	0.0	0.0	0.0	0.0	0.0	0.0	0.0	0.1904762	0.0588235	0.0	0.0	0.0015	0.1071429	0.3666667	0.3939394	0.2727273	0.3333333	0.3	0.0909091	0.1333333	0.125	0.3888889	0.4615385	0.5652174	0.4166667	0.5555556	0.8333333	0.5423729	0.537037	0.3859649	0.3783784	0.3262411	0.2481752	0.2183908	0.0675676	0.08	0.0015	0.0	0.0	0.0	0.0	0.0	0.0	0.0	
Purple Sandpiper	0.0	0.0	0.0	0.0	0.0	0.2	0.0	0.3333333	0.25	0.4444444	0.4210526	0.3809524	0.3529412	0.32	0.1	0.2	0.0	0.0	0.0	0.0	0.0	0.0	0.0	0.0	0.0	0.0	0.0	0.0	0.0833333	0.0740741	0.2222222	0.0508475	0.1296296	0.0877193	0.027027	0.1134752	0.1094891	0.137931	0.1216216	0.48	0.5	0.0	0.0	0.0	0.0	0.0	0.75	0.0	
Baird's Sandpiper	0.0	0.0	0.0	0.0	0.0	0.0	0.0	0.0	0.0	0.0	0.0	0.0	0.0	0.0	0.0	0.0	0.0	0.0	0.0	0.0	0.0	0.0	0.0	0.0	0.0	0.0	0.0	0.0	0.0	0.0	0.0	0.0	0.0185185	0.0175439	0.0015	0.0	0.0	0.0	0.0	0.0	0.0	0.0	0.0	0.0	0.0	0.0	0.0	0.0	
Little Stint	0.0	0.0	0.0	0.0	0.0	0.0	0.0	0.0	0.0	0.0	0.0	0.0	0.0	0.0	0.0	0.0	0.0	0.0	0.0	0.0015	0.0	0.0	0.0	0.0	0.0	0.0	0.0015	0.0	0.0	0.0	0.0555556	0.0015	0.037037	0.122807	0.1081081	0.0425532	0.0218978	0.0229885	0.0	0.0	0.0	0.0	0.0	0.0	0.0	0.0	0.0	0.0	
White-rumped Sandpiper	0.0	0.0	0.0	0.0	0.0	0.0	0.0	0.0	0.0	0.0	0.0	0.0	0.0	0.0	0.0	0.0	0.0	0.0	0.0	0.0	0.0	0.0	0.0	0.0	0.0	0.0	0.0	0.0	0.0	0.0	0.0	0.0	0.0	0.0	0.0	0.0	0.0015	0.0	0.0	0.0	0.0	0.0	0.0	0.0	0.0	0.0	0.0	0.0	
Pectoral Sandpiper	0.0	0.0	0.0	0.0	0.0	0.0	0.0	0.0	0.0	0.0	0.0	0.0	0.0	0.0	0.0	0.0	0.0015	0.0	0.0	0.0	0.0	0.0	0.0	0.0	0.0	0.0	0.0	0.0015	0.0015	0.0	0.0	0.0015	0.0015	0.0350877	0.0540541	0.0070922	0.0072993	0.0114943	0.0135135	0.0	0.0	0.0	0.0	0.0	0.0	0.0	0.0	0.0	
Semipalmated Sandpiper	0.0	0.0	0.0	0.0	0.0	0.0	0.0	0.0	0.0	0.0	0.0	0.0	0.0	0.0	0.0	0.0	0.0	0.0	0.0	0.0	0.0	0.0	0.0	0.0	0.0	0.0	0.0	0.0	0.0	0.0015	0.0	0.0	0.0	0.0	0.0	0.0	0.0	0.0	0.0	0.0	0.0	0.0	0.0	0.0	0.0	0.0	0.0	0.0	
Calidris sp.	0.0	0.0	0.0	0.0	0.0	0.0	0.0	0.0	0.0	0.0	0.0	0.0	0.0	0.0	0.0	0.0	0.0	0.0	0.030303	0.0	0.0	0.0	0.0	0.0	0.0	0.0	0.0	0.0	0.0	0.0	0.0	0.0	0.0	0.0	0.0	0.0	0.0	0.0	0.0	0.0	0.0	0.0	0.0	0.0	0.0	0.0	0.0	0.0	
Collared Pratincole	0.0	0.0	0.0	0.0	0.0	0.0	0.0	0.0	0.0	0.0	0.0	0.0	0.0	0.0	0.0	0.0	0.0	0.0015	0.0	0.0	0.0	0.0	0.0	0.0	0.0	0.0	0.0	0.0	0.0	0.0	0.0	0.0	0.0	0.0	0.0	0.0	0.0	0.0	0.0	0.0	0.0	0.0	0.0	0.0	0.0	0.0	0.0	0.0	
Long-tailed Skua	0.0	0.0	0.0	0.0	0.0	0.0	0.0	0.0	0.0	0.0	0.0	0.0	0.0	0.0	0.0	0.0	0.0	0.0	0.0015	0.0227273	0.0	0.0	0.0	0.0	0.0	0.0	0.0	0.0	0.0	0.0	0.0	0.0	0.0	0.0	0.0015	0.0	0.0	0.0114943	0.0	0.0	0.0	0.0	0.0	0.0	0.0	0.0	0.0	0.0	
Arctic Skua	0.0	0.0	0.0	0.0	0.0	0.0	0.0	0.0	0.0	0.0	0.0	0.0	0.0	0.0015	0.1	0.08	0.3571429	0.4	0.6363636	0.5681818	0.6666667	0.7333333	0.7575758	0.5666667	1.0	0.8333333	0.9230769	0.6086957	0.6666667	0.7037037	0.6666667	0.4576271	0.3333333	0.0350877	0.027027	0.0212766	0.0072993	0.0015	0.0015	0.0	0.0	0.0	0.0	0.0	0.0	0.0	0.0	0.0	
Pomarine Skua	0.0	0.0	0.0	0.0	0.0	0.0	0.0	0.0	0.0	0.0	0.0	0.0	0.0	0.0	0.0	0.0	0.0	0.0	0.0	0.0454545	0.0	0.0	0.0	0.0	0.0	0.0	0.0	0.0	0.0	0.0	0.0	0.0	0.0015	0.0175439	0.0	0.0070922	0.0	0.0	0.0015	0.0015	0.0	0.0	0.0	0.0	0.0	0.0	0.0	0.0	
Great Skua	0.0	0.0	0.0	0.0	0.0	0.0	0.0	0.0	0.0	0.0	0.0	0.1428571	0.1764706	0.36	0.45	0.4	0.4642857	0.6333333	0.7272727	0.7045455	0.7435897	0.7666667	0.7575758	0.6666667	1.0	0.8888889	0.9230769	0.6521739	0.75	0.7037037	0.6666667	0.6949153	0.5925926	0.4035088	0.4459459	0.4113475	0.4160584	0.3793103	0.1756757	0.12	0.5	0.0	0.0	0.0	0.0	0.0	0.0	0.0	
Atlantic Puffin	0.0	0.0	0.0	0.0	0.0	0.0	0.0	0.0	0.0	0.0	0.0015	0.0952381	0.2352941	0.4	0.45	0.36	0.5357143	0.5333333	0.6666667	0.6363636	0.7692308	0.7333333	0.7878788	0.7	1.0	0.8888889	0.9230769	0.6086957	0.6666667	0.7037037	0.6666667	0.2542373	0.037037	0.0350877	0.0135135	0.0070922	0.0218978	0.0015	0.027027	0.0	0.0	0.0	0.0	0.0	0.0	0.0	0.0	0.0	
Black Guillemot	0.0	0.0	0.0	0.0	0.2	0.4	0.0	0.3333333	0.75	0.1111111	0.6315789	0.8571429	0.6470588	0.48	0.4	0.36	0.3571429	0.5666667	0.6666667	0.5681818	0.7435897	0.6333333	0.7272727	0.5666667	1.0	0.8333333	0.9230769	0.5217391	0.5833333	0.6666667	0.6666667	0.5932203	0.537037	0.3684211	0.3378378	0.3049645	0.3722628	0.5057471	0.3378378	0.72	0.5	0.0	0.0	0.0	1.0	0.0	0.0	0.8	
Razorbill	0.0	0.0	0.0	0.0	0.0	0.0	0.0	0.0	0.0	0.1111111	0.4736842	0.8095238	0.4705882	0.48	0.4	0.28	0.4285714	0.4666667	0.6060606	0.5681818	0.5897436	0.6666667	0.6969697	0.6	1.0	0.8888889	0.8461538	0.4782609	0.375	0.0	0.0555556	0.1186441	0.1111111	0.0877193	0.0540541	0.106383	0.1313869	0.137931	0.0945946	0.2	0.5	0.0	0.0	0.0	1.0	0.0015	0.0	0.0	
Little Auk	0.0	0.0	0.0	0.0	0.0	0.0	0.0	0.0	0.0	0.0	0.0	0.0	0.0	0.0	0.0	0.0	0.0	0.0	0.0	0.0	0.0	0.0	0.0	0.0	0.0	0.0	0.0	0.0	0.0	0.0	0.0	0.0	0.0	0.0	0.0	0.0	0.0072993	0.0229885	0.027027	0.0015	0.0015	0.0	0.0	0.0	0.0	0.0	0.0	0.0	
Common Guillemot	0.0	0.0	0.0	0.0	0.4	0.2	0.0	0.0	0.0	0.0	0.4736842	0.8571429	0.5294118	0.52	0.35	0.32	0.4642857	0.4333333	0.6060606	0.6363636	0.6666667	0.7333333	0.7272727	0.7	1.0	0.8888889	0.9230769	0.6086957	0.5833333	0.037037	0.0	0.1355932	0.0740741	0.1403509	0.0675676	0.1347518	0.0948905	0.183908	0.0675676	0.08	0.5	0.0	0.0	0.0	0.0	0.0015	0.0	0.0	
large alcid sp.	0.0	0.0	0.0	0.0	0.0	0.0	0.0	0.0	0.0	0.0	0.0	0.0	0.0	0.0	0.0	0.0	0.0	0.0	0.0	0.0	0.0	0.0	0.0	0.0	0.0	0.0	0.0	0.0	0.0	0.0	0.0	0.0	0.0015	0.0	0.0	0.0015	0.0015	0.0	0.0	0.0015	0.0	0.0	0.0	0.0	0.0	0.0	0.0	0.0	
alcid sp.	0.0	0.0	0.0	0.0	0.0	0.0	0.0	0.0	0.0	0.0	0.0	0.0	0.0	0.0	0.0	0.0	0.0	0.0	0.0	0.0	0.0	0.0	0.0	0.0	0.0	0.0	0.0	0.0	0.0	0.0	0.0	0.0	0.0	0.0	0.0015	0.0	0.0	0.0	0.0	0.0	0.0	0.0	0.0	0.0	0.0	0.0	0.0	0.0	
Little Gull	0.0	0.0	0.0	0.0	0.0	0.0	0.0	0.0	0.0	0.0	0.0	0.0	0.0	0.0	0.0015	0.0	0.0	0.0	0.0	0.0	0.0	0.0	0.0	0.0	0.0	0.0	0.0	0.0015	0.0	0.0	0.0	0.0	0.0	0.0	0.0	0.0	0.0015	0.0015	0.0015	0.0	0.0	0.0	0.0	0.0	0.0	0.0	0.0	0.0	
Black-legged Kittiwake	0.0	0.0	0.0	0.0	0.2	0.0	0.0	0.0	0.0	0.0	0.4210526	0.6666667	0.4117647	0.24	0.25	0.24	0.2857143	0.4	0.5454545	0.5227273	0.5641026	0.7333333	0.6666667	0.6	0.875	0.8333333	0.8461538	0.6086957	0.625	0.7037037	0.6666667	0.3898305	0.2222222	0.1929825	0.1351351	0.0992908	0.1094891	0.1609195	0.1621622	0.36	1.0	0.0	0.0	0.0	0.0	0.0	0.0	0.4	
Sabine's Gull	0.0	0.0	0.0	0.0	0.0	0.0	0.0	0.0	0.0	0.0	0.0	0.0	0.0	0.0	0.0	0.0	0.0	0.0	0.0	0.0	0.0	0.0	0.0	0.0	0.0	0.0	0.0	0.0	0.0	0.0	0.0	0.0	0.0015	0.0	0.0	0.0	0.0	0.0	0.0	0.0	0.0	0.0	0.0	0.0	0.0	0.0	0.0	0.0	
Black-headed Gull	0.0	0.0	0.0	0.0	0.0	0.0	0.0	0.0	0.0	0.0	0.2105263	0.5714286	0.2352941	0.12	0.35	0.36	0.25	0.2333333	0.1818182	0.2045455	0.2820513	0.3	0.3939394	0.3	0.25	0.2777778	0.6153846	0.4347826	0.3333333	0.3703704	0.2222222	0.1694915	0.1666667	0.1754386	0.1486486	0.1134752	0.1313869	0.1149425	0.0945946	0.2	0.0015	0.0	0.0	0.0	0.0	0.0	0.25	0.2	
Laughing Gull	0.0	0.0	0.0	0.0	0.0	0.0	0.0	0.0	0.0	0.0	0.0	0.0	0.0	0.0	0.0	0.0	0.0	0.0	0.0	0.0	0.0	0.0	0.0015	0.0	0.0	0.0	0.0	0.0	0.0	0.0	0.0	0.0	0.0	0.0015	0.0	0.0	0.0	0.0	0.0	0.0	0.0	0.0	0.0	0.0	0.0	0.0	0.0	0.0	
Franklin's Gull	0.0	0.0	0.0	0.0	0.0	0.0	0.0	0.0	0.0	0.0	0.0	0.0	0.0	0.0	0.0	0.0	0.0	0.0	0.0	0.0	0.0015	0.0	0.0	0.0	0.0	0.0	0.0	0.0	0.0	0.0	0.0	0.0	0.0	0.0	0.0	0.0	0.0	0.0	0.0	0.0	0.0	0.0	0.0	0.0	0.0	0.0	0.0	0.0	
Mediterranean Gull	0.0	0.0	0.0	0.0	0.0	0.0	0.0	0.0	0.0	0.0	0.0	0.0	0.0	0.0	0.0	0.0	0.0	0.0	0.0	0.0	0.0	0.0	0.0	0.0	0.0	0.0015	0.0	0.0	0.0	0.0	0.0555556	0.0	0.0	0.0	0.0	0.0	0.0	0.0	0.0015	0.0	0.0	0.0	0.0	0.0	0.0	0.0	0.0	0.0	
Common Gull	0.5	0.0	0.0	0.0	0.2	0.6	0.0	0.3333333	0.75	0.4444444	0.4736842	0.9047619	0.5882353	0.48	0.4	0.4	0.4642857	0.4	0.4848485	0.4090909	0.4102564	0.5333333	0.6666667	0.5666667	1.0	0.6666667	0.8461538	0.4782609	0.6666667	0.7037037	0.6111111	0.4915254	0.4444444	0.2982456	0.2162162	0.2907801	0.3722628	0.4022989	0.2297297	0.36	1.0	0.0	0.0	0.0	1.0	0.0	0.25	0.6	
European Herring Gull	1.0	1.0	1.0	1.0	1.0	1.0	0.0	1.0	1.0	0.8888889	0.7368421	0.952381	0.8235294	0.6	0.45	0.4	0.5714286	0.5333333	0.6060606	0.6590909	0.5384615	0.7333333	0.7575758	0.7	1.0	0.8333333	0.9230769	0.6086957	0.7083333	0.7037037	0.6111111	0.6440678	0.7037037	0.4912281	0.3648649	0.4255319	0.6058394	0.6436782	0.4054054	0.76	1.0	0.0	0.0	0.0	1.0	1.0	1.0	1.0	
Great Black-backed Gull	0.5	1.0	0.5	0.0	0.6	0.8	0.0	1.0	0.5	0.5555556	0.5263158	0.8571429	0.7647059	0.48	0.35	0.36	0.5	0.5	0.6060606	0.5909091	0.5641026	0.7333333	0.6666667	0.5333333	1.0	0.7222222	0.8461538	0.6086957	0.625	0.6296296	0.6111111	0.6271186	0.6851852	0.4912281	0.3783784	0.3971631	0.5474453	0.6206897	0.4054054	0.8	1.0	0.0	0.0	0.0	1.0	1.0	0.25	0.8	
Glaucous Gull	0.0	0.0	0.0	0.0	0.0	0.2	0.0	0.0	0.0	0.0	0.0	0.1428571	0.0588235	0.04	0.05	0.04	0.0015	0.0	0.0606061	0.0227273	0.0015	0.0	0.0015	0.0	0.0	0.0	0.0015	0.1304348	0.0833333	0.0	0.0	0.0	0.037037	0.0350877	0.0135135	0.0015	0.0437956	0.0689655	0.0945946	0.04	0.5	0.0	0.0	0.0	0.0	0.0	0.0	0.2	
Lesser Black-backed Gull	0.0	0.0	0.0	0.0	0.0	0.0	0.0	0.0	0.0	0.1111111	0.1578947	0.4761905	0.3529412	0.2	0.25	0.36	0.3571429	0.3333333	0.4242424	0.4318182	0.4358974	0.7	0.7272727	0.5666667	1.0	0.6111111	0.6923077	0.4347826	0.4583333	0.4074074	0.1666667	0.0677966	0.1851852	0.1403509	0.1081081	0.0425532	0.0291971	0.0114943	0.0	0.0	0.0	0.0	0.0	0.0	0.0	0.0	0.0	0.0	
Iceland Gull	0.0	0.0	0.0	0.0	0.0	0.0	0.0	0.0	0.0	0.0	0.0	0.1428571	0.1176471	0.12	0.0015	0.0015	0.0015	0.0015	0.030303	0.0015	0.0015	0.0015	0.0015	0.0015	0.0	0.0	0.0015	0.0	0.0	0.0015	0.0015	0.0	0.0	0.0	0.0015	0.0015	0.0145985	0.0229885	0.0	0.0015	0.0015	0.0	0.0	0.0	0.0	0.0	0.0	0.0	
Bridled Tern	0.0	0.0	0.0	0.0	0.0	0.0	0.0	0.0	0.0	0.0	0.0	0.0	0.0	0.0	0.0	0.0	0.0	0.0	0.0	0.0	0.0	0.0	0.0015	0.0	0.0	0.0	0.0	0.0	0.0	0.0	0.0	0.0	0.0	0.0	0.0	0.0	0.0	0.0	0.0	0.0	0.0	0.0	0.0	0.0	0.0	0.0	0.0	0.0	
White-winged Black Tern	0.0	0.0	0.0	0.0	0.0	0.0	0.0	0.0	0.0	0.0	0.0	0.0	0.0	0.0	0.0	0.0	0.0	0.0	0.0	0.0	0.0	0.0	0.0	0.0	0.0	0.0	0.0015	0.0	0.0	0.0	0.0	0.0	0.0	0.0	0.0	0.0	0.0	0.0	0.0	0.0	0.0	0.0	0.0	0.0	0.0	0.0	0.0	0.0	
Arctic Tern	0.0	0.0	0.0	0.0	0.0	0.0	0.0	0.0	0.0	0.0	0.0	0.0	0.0	0.0	0.0	0.0	0.0015	0.4	0.2727273	0.5	0.6153846	0.6666667	0.6363636	0.6666667	1.0	0.8333333	0.9230769	0.7391304	0.5833333	0.4444444	0.3888889	0.1186441	0.0555556	0.0175439	0.0015	0.0141844	0.0145985	0.0015	0.0015	0.0	0.0	0.0	0.0	0.0	0.0	0.0	0.0	0.0	
Common Tern	0.0	0.0	0.0	0.0	0.0	0.0	0.0	0.0	0.0	0.0	0.0	0.0	0.0	0.0	0.0	0.0	0.0015	0.0666667	0.2424242	0.0681818	0.0512821	0.0015	0.0015	0.1	0.0015	0.0015	0.1538462	0.0015	0.0416667	0.0740741	0.0015	0.0169492	0.0015	0.0350877	0.0540541	0.0070922	0.0	0.0	0.0	0.0	0.0	0.0	0.0	0.0	0.0	0.0	0.0	0.0	
Common/Arctic Tern	0.0	0.0	0.0	0.0	0.0	0.0	0.0	0.0	0.0	0.0	0.0	0.0	0.0	0.0	0.0	0.0	0.0015	0.0	0.030303	0.0	0.0	0.0	0.0	0.0	0.0	0.0	0.0	0.0	0.0	0.0	0.0	0.0338983	0.0185185	0.0175439	0.027027	0.0	0.0	0.0	0.0	0.0	0.0	0.0	0.0	0.0	0.0	0.0	0.0	0.0	
Roseate Tern	0.0	0.0	0.0	0.0	0.0	0.0	0.0	0.0	0.0	0.0	0.0	0.0	0.0	0.0	0.0	0.0	0.0	0.0	0.0	0.0	0.0	0.0	0.0	0.0015	0.0	0.0	0.0	0.0	0.0	0.0	0.0	0.0	0.0	0.0	0.0	0.0	0.0	0.0	0.0	0.0	0.0	0.0	0.0	0.0	0.0	0.0	0.0	0.0	
Sandwich Tern	0.0	0.0	0.0	0.0	0.0	0.0	0.0	0.0	0.0	0.0	0.0	0.0	0.0	0.0	0.0015	0.0	0.0	0.0015	0.0	0.0	0.0	0.0015	0.0	0.0015	0.0015	0.0	0.0	0.0	0.0	0.037037	0.0	0.0	0.0	0.0	0.0	0.0	0.0	0.0	0.0	0.0	0.0	0.0	0.0	0.0	0.0	0.0	0.0	0.0	
Little Grebe	0.0	0.0	0.0	0.0	0.0	0.0	0.0	0.0	0.0	0.0	0.0	0.0	0.0	0.0	0.0	0.0	0.0	0.0	0.0	0.0	0.0	0.0	0.0	0.0	0.0	0.0	0.0	0.0	0.0	0.0	0.0	0.0	0.0	0.0	0.0	0.0141844	0.0145985	0.0114943	0.0	0.0015	0.0	0.0	0.0	0.0	0.0	0.0	0.0	0.0	
Slavonian Grebe	0.0	0.0	0.0	0.0	0.0	0.0	0.0	0.0	0.0	0.0	0.0526316	0.0	0.0	0.0	0.0	0.0	0.0	0.0	0.0	0.0	0.0	0.0	0.0	0.0	0.0	0.0	0.0	0.0	0.0	0.0	0.0	0.0	0.0015	0.0175439	0.0135135	0.0283688	0.0291971	0.0689655	0.0405405	0.0015	0.0015	0.0	0.0	0.0	0.0	0.0	0.0	0.0	
Red-necked Grebe	0.0	0.0	0.0	0.0	0.0	0.0	0.0	0.0	0.0	0.0	0.0	0.0	0.0	0.0	0.0	0.0	0.0	0.0	0.0	0.0	0.0	0.0	0.0	0.0	0.0	0.0	0.0	0.0	0.0	0.0	0.0	0.0	0.0	0.0015	0.0015	0.0	0.0	0.0	0.0015	0.0	0.0	0.0	0.0	0.0	0.0	0.0	0.0	0.0	
Red-throated Diver	0.0	0.0	0.0	0.0	0.0	0.0	0.0	0.0	0.0	0.0	0.0	0.0015	0.0015	0.0015	0.0015	0.0015	0.0015	0.0666667	0.0015	0.0227273	0.025641	0.0666667	0.030303	0.0015	0.0015	0.0555556	0.0015	0.0015	0.0416667	0.0	0.0015	0.0015	0.0185185	0.0526316	0.0135135	0.0425532	0.0218978	0.0689655	0.027027	0.0	0.0015	0.0	0.0	0.0	0.0	0.0	0.0	0.0	
Great Northern Diver	0.0	0.0	0.0	0.0	0.0	0.0	0.0	0.0	0.0	0.0	0.0	0.047619	0.0015	0.0015	0.0015	0.08	0.0015	0.0015	0.0	0.0015	0.0512821	0.0666667	0.0909091	0.0666667	0.0015	0.1111111	0.0015	0.0015	0.0	0.037037	0.0555556	0.0	0.037037	0.0	0.0135135	0.035461	0.0656934	0.0804598	0.027027	0.04	0.0015	0.0	0.0	0.0	0.0	0.0	0.0	0.0	
White-billed Diver	0.0	0.0	0.0	0.0	0.0	0.0	0.0	0.0	0.0	0.0	0.0	0.0	0.0	0.0	0.05	0.0	0.0	0.0	0.0	0.0	0.0	0.0	0.0	0.0	0.0	0.0	0.0	0.0	0.0	0.0	0.0	0.0	0.0	0.0	0.0	0.0	0.0	0.0	0.0	0.0	0.0	0.0	0.0	0.0	0.0	0.0	0.0	0.0	
diver sp.	0.0	0.0	0.0	0.0	0.0	0.0	0.0	0.0	0.0	0.0	0.0	0.0	0.0	0.0	0.0	0.0	0.0	0.0	0.0	0.0	0.0	0.0	0.0	0.0	0.0	0.0	0.0	0.0	0.0	0.0	0.0	0.0	0.0	0.0	0.0	0.0015	0.0072993	0.0	0.0	0.0	0.0	0.0	0.0	0.0	0.0	0.0	0.0	0.0	
European Storm-Petrel	0.0	0.0	0.0	0.0	0.0	0.0	0.0	0.0	0.0	0.0	0.0	0.0	0.0	0.0	0.0	0.0	0.0	0.0	0.0	0.0227273	0.0015	0.0015	0.0015	0.0666667	0.125	0.0555556	0.0769231	0.1304348	0.0416667	0.037037	0.0015	0.0677966	0.037037	0.0175439	0.0135135	0.0141844	0.0072993	0.0229885	0.0	0.0	0.0	0.0	0.0	0.0	0.0	0.0	0.0	0.0	
Leach's Storm-Petrel	0.0	0.0	0.0	0.0	0.0	0.0	0.0	0.0	0.0	0.0	0.0	0.0	0.0	0.0	0.0	0.0	0.0	0.0	0.0	0.0	0.0	0.0	0.0	0.0	0.0015	0.0555556	0.0769231	0.0434783	0.0015	0.0015	0.0015	0.0015	0.0	0.0	0.0	0.0	0.0	0.0	0.0	0.0	0.0	0.0	0.0	0.0	0.0	0.0	0.0	0.0	
Swinhoe's Storm-Petrel	0.0	0.0	0.0	0.0	0.0	0.0	0.0	0.0	0.0	0.0	0.0	0.0	0.0	0.0	0.0	0.0	0.0	0.0	0.0	0.0	0.0	0.0	0.0	0.0	0.0	0.0015	0.0	0.0015	0.0	0.0015	0.0	0.0	0.0	0.0	0.0	0.0	0.0	0.0	0.0	0.0	0.0	0.0	0.0	0.0	0.0	0.0	0.0	0.0	
Northern Fulmar	0.5	1.0	1.0	1.0	0.8	1.0	0.0	0.6666667	1.0	0.8888889	0.7368421	0.9047619	0.8235294	0.6	0.45	0.48	0.5357143	0.6	0.6666667	0.7045455	0.7435897	0.7333333	0.7575758	0.7	1.0	0.8888889	0.9230769	0.7391304	0.75	0.7037037	0.6666667	0.6949153	0.6296296	0.4561404	0.3378378	0.4255319	0.620438	0.6781609	0.4594595	0.84	1.0	0.0	0.0	0.0	1.0	1.0	1.0	1.0	
Cory's/Scopoli's Shearwater	0.0	0.0	0.0	0.0	0.0	0.0	0.0	0.0	0.0	0.0	0.0	0.0	0.0	0.0	0.0	0.0	0.0	0.0	0.0	0.0	0.0	0.0	0.0	0.0	0.0	0.0	0.0	0.0	0.0	0.0	0.0	0.0	0.0	0.0015	0.0	0.0	0.0	0.0	0.0	0.0	0.0	0.0	0.0	0.0	0.0	0.0	0.0	0.0	
Sooty Shearwater	0.0	0.0	0.0	0.0	0.0	0.0	0.0	0.0	0.0	0.0	0.0	0.0	0.0	0.0	0.0	0.0	0.0	0.0	0.0	0.0	0.0	0.0	0.0	0.0	0.0	0.0015	0.0	0.0015	0.0	0.0015	0.0555556	0.1016949	0.037037	0.0701754	0.0540541	0.0496454	0.0072993	0.0114943	0.0015	0.0015	0.0	0.0	0.0	0.0	0.0	0.0	0.0	0.0	
Manx Shearwater	0.0	0.0	0.0	0.0	0.0	0.0	0.0	0.0	0.0	0.0	0.0	0.0	0.0	0.0	0.0	0.0	0.0015	0.0	0.0	0.0454545	0.025641	0.0015	0.030303	0.0015	0.0015	0.0015	0.0769231	0.0015	0.0015	0.0	0.0015	0.0338983	0.0015	0.0015	0.0135135	0.0	0.0072993	0.0015	0.0	0.0	0.0	0.0	0.0	0.0	0.0	0.0	0.0	0.0	
Northern Gannet	0.0	0.0	0.0	0.0	0.4	1.0	0.0	0.6666667	0.75	0.6666667	0.7894737	0.9047619	0.7647059	0.48	0.45	0.44	0.3571429	0.5666667	0.5454545	0.5681818	0.5897436	0.6666667	0.7878788	0.7	1.0	0.8888889	0.9230769	0.6086957	0.625	0.6666667	0.6666667	0.6271186	0.6111111	0.4035088	0.3648649	0.3829787	0.5766423	0.5632184	0.3783784	0.8	0.5	0.0	0.0	0.0	0.0	0.0015	0.5	0.2	
Great Cormorant	0.0	0.0	0.0	0.0	0.0	0.0	0.0	0.0	0.0	0.0	0.0526316	0.2857143	0.1176471	0.04	0.1	0.04	0.0357143	0.0015	0.030303	0.0015	0.0512821	0.1	0.0606061	0.1333333	0.0	0.0	0.0	0.0869565	0.125	0.2592593	0.1666667	0.2033898	0.2777778	0.1754386	0.0945946	0.1276596	0.1532847	0.0689655	0.027027	0.04	0.0015	0.0	0.0	0.0	0.0	0.0	0.0	0.4	
European Shag	0.0	0.0	0.0	0.0	0.4	0.2	0.0	0.0	0.25	0.3333333	0.5789474	0.9047619	0.8235294	0.64	0.45	0.32	0.3214286	0.5	0.6060606	0.5909091	0.6923077	0.7333333	0.7575758	0.6333333	1.0	0.8888889	0.9230769	0.5652174	0.5833333	0.6666667	0.6666667	0.6440678	0.6296296	0.4736842	0.3108108	0.3971631	0.5766423	0.6436782	0.472973	0.92	0.5	0.0	0.0	0.0	1.0	1.0	1.0	0.8	
Glossy Ibis	0.0	0.0	0.0	0.0	0.0	0.0	0.0	0.0	0.0	0.0	0.0	0.0	0.0	0.0	0.0	0.0	0.0	0.0	0.0015	0.0	0.0	0.0	0.0	0.0	0.0	0.0	0.0	0.0	0.0	0.0	0.0	0.0	0.0	0.0	0.0	0.0015	0.0	0.0	0.0	0.0	0.0	0.0	0.0	0.0	0.0	0.0	0.0	0.0	
Black-crowned Night Heron	0.0	0.0	0.0	0.0	0.0	0.0	0.0	0.0	0.0	0.0	0.0	0.0	0.0015	0.0015	0.0	0.0	0.0	0.0	0.0	0.0	0.0	0.0	0.0	0.0	0.0	0.0	0.0	0.0	0.0	0.0	0.0	0.0	0.0	0.0	0.0	0.0	0.0	0.0	0.0	0.0	0.0	0.0	0.0	0.0	0.0	0.0	0.0	0.0	
Great White Egret	0.0	0.0	0.0	0.0	0.0	0.0	0.0	0.0	0.0	0.0	0.0	0.0	0.0	0.0	0.0	0.0	0.0	0.0	0.0	0.0015	0.0	0.0	0.0	0.0	0.0	0.0	0.0	0.0	0.0	0.0	0.0	0.0	0.0	0.0	0.0	0.0	0.0	0.0	0.0	0.0	0.0	0.0	0.0	0.0	0.0	0.0	0.0	0.0	
Grey Heron	0.0	0.0	0.0	0.0	0.0015	0.2	0.0	0.3333333	0.25	0.0	0.0	0.047619	0.0588235	0.0015	0.0015	0.0015	0.0015	0.1	0.1212121	0.1136364	0.025641	0.1	0.2424242	0.1	0.0015	0.2222222	0.3846154	0.173913	0.2083333	0.3703704	0.5	0.3050847	0.4444444	0.1929825	0.1621622	0.1702128	0.3065693	0.2873563	0.1621622	0.48	0.5	0.0	0.0	0.0	0.0	0.0	0.0	0.0	
Osprey	0.0	0.0	0.0	0.0	0.0	0.0	0.0	0.0	0.0	0.0	0.0	0.0	0.0	0.0	0.0	0.0	0.0357143	0.0333333	0.0015	0.0015	0.0	0.0333333	0.0	0.0	0.0	0.0	0.0	0.0	0.0	0.0	0.0	0.0	0.0	0.0015	0.0	0.0015	0.0	0.0	0.0	0.0	0.0	0.0	0.0	0.0	0.0	0.0	0.0	0.0	
European Honey-buzzard	0.0	0.0	0.0	0.0	0.0	0.0	0.0	0.0	0.0	0.0	0.0	0.0	0.0	0.0	0.0	0.0	0.0	0.0	0.0	0.0	0.0	0.0	0.0	0.0	0.0	0.0	0.0	0.0	0.0	0.0	0.0	0.0	0.0015	0.0	0.0	0.0070922	0.0015	0.0	0.0	0.0	0.0	0.0	0.0	0.0	0.0	0.0	0.0	0.0	
Eurasian Sparrowhawk	0.0	0.0	0.0	0.0	0.0	0.0	0.0	0.0	0.0	0.0	0.0	0.0952381	0.0588235	0.0015	0.05	0.08	0.0015	0.1333333	0.1212121	0.0015	0.0015	0.0333333	0.0	0.0	0.0	0.0	0.0	0.0	0.0	0.037037	0.0015	0.0015	0.0740741	0.0175439	0.1621622	0.0567376	0.0583942	0.0689655	0.1216216	0.04	0.0015	0.0	0.0	0.0	0.0	0.0	0.0	0.0	
Western Marsh Harrier	0.0	0.0	0.0	0.0	0.0	0.0	0.0	0.0	0.0	0.0	0.0	0.0	0.0	0.0015	0.0	0.0015	0.0357143	0.0015	0.030303	0.0015	0.0015	0.0	0.0015	0.0	0.0	0.0	0.0	0.0	0.0	0.0	0.0	0.0015	0.0	0.0015	0.0015	0.0	0.0	0.0	0.0	0.0	0.0	0.0	0.0	0.0	0.0	0.0	0.0	0.0	
Hen Harrier	0.0	0.0	0.0	0.0	0.0	0.0	0.0	0.0	0.0	0.0	0.0	0.0	0.0	0.0	0.0	0.0	0.0	0.0	0.0	0.0	0.0	0.0	0.0	0.0	0.0	0.0	0.0	0.0	0.0	0.0	0.0	0.0	0.0015	0.0	0.0135135	0.0141844	0.0437956	0.045977	0.0540541	0.0	0.0	0.0	0.0	0.0	0.0	0.0	0.0	0.0	
Pallid Harrier	0.0	0.0	0.0	0.0	0.0	0.0	0.0	0.0	0.0	0.0	0.0	0.0	0.0	0.0	0.0	0.0	0.0	0.1	0.0	0.0	0.0	0.0	0.0	0.0	0.0	0.0	0.0	0.0	0.0	0.0	0.0	0.0	0.0	0.0015	0.0	0.0	0.0	0.0	0.0	0.0	0.0	0.0	0.0	0.0	0.0	0.0	0.0	0.0	
Montagu's Harrier	0.0	0.0	0.0	0.0	0.0	0.0	0.0	0.0	0.0	0.0	0.0	0.0	0.0	0.0	0.0	0.0	0.0	0.0	0.0015	0.0	0.0015	0.0	0.0	0.0	0.0	0.0	0.0	0.0	0.0	0.0	0.0	0.0	0.0	0.0	0.0	0.0	0.0	0.0	0.0	0.0	0.0	0.0	0.0	0.0	0.0	0.0	0.0	0.0	
Red Kite	0.0	0.0	0.0	0.0	0.0	0.0	0.0	0.0	0.0	0.0	0.0	0.0	0.0	0.04	0.0	0.0	0.0	0.0	0.0	0.0	0.0	0.0	0.0	0.0	0.0	0.0	0.0	0.0	0.0	0.0	0.0	0.0	0.0	0.0	0.0	0.0	0.0	0.0015	0.0	0.0	0.0	0.0	0.0	0.0	0.0	0.0	0.0	0.0	
Black Kite	0.0	0.0	0.0	0.0	0.0	0.0	0.0	0.0	0.0	0.0	0.0	0.0	0.0	0.0	0.0015	0.0	0.0357143	0.0015	0.0606061	0.0	0.0015	0.0	0.0	0.0	0.0	0.0	0.0	0.0	0.0	0.0	0.0	0.0	0.0	0.0	0.0	0.0	0.0	0.0	0.0	0.0	0.0	0.0	0.0	0.0	0.0	0.0	0.0	0.0	
White-tailed Eagle	0.0	0.0	0.0	0.0	0.0	0.0	0.0	0.0	0.0	0.0	0.0	0.0	0.0	0.0	0.0	0.0	0.0	0.0	0.0	0.0	0.0	0.0	0.0	0.0	0.0	0.0	0.0	0.0	0.0	0.0	0.0	0.0	0.0	0.0	0.0135135	0.0	0.0	0.0114943	0.0	0.0	0.0	0.0	0.0	0.0	0.0	0.0	0.0	0.0	
Rough-legged Buzzard	0.0	0.0	0.0	0.0	0.0	0.0	0.0	0.0	0.0	0.0	0.0	0.0	0.0	0.0	0.0	0.0	0.0357143	0.0	0.0	0.0	0.0	0.0	0.0	0.0	0.0	0.0	0.0	0.0	0.0	0.0	0.0	0.0	0.0	0.0	0.0	0.0	0.0	0.0	0.0015	0.0	0.0	0.0	0.0	0.0	0.0	0.0	0.0	0.0	
Common Buzzard	0.0	0.0	0.0	0.0	0.0	0.0	0.0	0.0	0.0	0.0	0.0	0.0	0.0	0.0	0.0	0.04	0.0	0.0015	0.0015	0.0	0.0	0.0	0.0	0.0	0.0	0.0	0.0	0.0	0.0	0.0	0.0	0.0	0.0185185	0.0015	0.0015	0.0	0.0	0.0015	0.0	0.0	0.0	0.0	0.0	0.0	0.0	0.0	0.0	0.0	
Eurasian Scops Owl	0.0	0.0	0.0	0.0	0.0	0.0	0.0	0.0	0.0	0.0	0.0	0.0	0.0	0.0	0.0	0.0	0.0	0.0	0.0	0.0	0.0	0.0	0.0	0.0	0.0	0.0	0.0	0.0015	0.0	0.0	0.0	0.0	0.0	0.0	0.0	0.0	0.0	0.0	0.0	0.0	0.0	0.0	0.0	0.0	0.0	0.0	0.0	0.0	
Snowy Owl	0.0	0.0	0.0	0.0	0.0	0.0	0.0	0.0	0.0	0.0	0.0	0.0	0.0	0.0	0.0015	0.0	0.0	0.0333333	0.0	0.0227273	0.0	0.0	0.0	0.0	0.0	0.0	0.0	0.0	0.0	0.0	0.0	0.0	0.0	0.0	0.0	0.0	0.0	0.0	0.0	0.0	0.0	0.0	0.0	0.0	0.0	0.0	0.0	0.0	
Short-eared Owl	0.0	0.0	0.0	0.0	0.0	0.2	0.0	0.0	0.0	0.0	0.0526316	0.047619	0.0015	0.0015	0.0015	0.0015	0.0357143	0.1	0.1515152	0.0454545	0.0	0.1333333	0.0	0.0333333	0.0	0.0	0.1538462	0.0	0.0416667	0.037037	0.0015	0.0338983	0.0555556	0.0350877	0.027027	0.0283688	0.0875912	0.1609195	0.1486486	0.2	0.0015	0.0	0.0	0.0	0.0	0.0	0.0	0.0	
Eurasian Hoopoe	0.0	0.0	0.0	0.0	0.0	0.0	0.0	0.0	0.0	0.0	0.0	0.0	0.0	0.0	0.0	0.0015	0.0015	0.0666667	0.030303	0.0015	0.0	0.0	0.0	0.0	0.0	0.0	0.0	0.0	0.0	0.0	0.0	0.0	0.0	0.0	0.0	0.0070922	0.0656934	0.0344828	0.0	0.0	0.0	0.0	0.0	0.0	0.0	0.0	0.0	0.0	
Eurasian Wryneck	0.0	0.0	0.0	0.0	0.0	0.0	0.0	0.0	0.0	0.0	0.0	0.0	0.0	0.0	0.0	0.08	0.1785714	0.1	0.1818182	0.0681818	0.0	0.0666667	0.0	0.0	0.0	0.0	0.0	0.0	0.0	0.0015	0.0	0.0169492	0.0740741	0.0526316	0.0405405	0.0141844	0.0015	0.0	0.0	0.0	0.0	0.0	0.0	0.0	0.0	0.0	0.0	0.0	
Great Spotted Woodpecker	0.0	0.0	0.0	0.0	0.0	0.0	0.0	0.0	0.0	0.0	0.0	0.0015	0.0	0.0	0.0	0.04	0.0	0.0015	0.0	0.0	0.0	0.0	0.0	0.0	0.0	0.0	0.0769231	0.0	0.0	0.0	0.0	0.0169492	0.0185185	0.0175439	0.0135135	0.035461	0.0218978	0.045977	0.0	0.0	0.0	0.0	0.0	0.0	0.0	0.0	0.0	0.0	
Common Kestrel	0.0	0.0	0.0	0.0	0.0	0.0	0.0	0.0	0.0	0.0	0.0	0.0	0.0588235	0.04	0.1	0.0015	0.0714286	0.1	0.1515152	0.0454545	0.0512821	0.1	0.0606061	0.1	0.125	0.0015	0.0	0.0015	0.0416667	0.2592593	0.2222222	0.1525424	0.2962963	0.122807	0.2972973	0.2765957	0.1751825	0.1264368	0.0405405	0.0	0.0	0.0	0.0	0.0	0.0	0.0	0.0	0.0	
Merlin	0.0	0.0	0.0	0.0	0.2	0.4	0.0	0.0	0.25	0.1111111	0.1578947	0.3333333	0.3529412	0.24	0.1	0.0	0.0015	0.0015	0.030303	0.0015	0.0	0.0015	0.0	0.0	0.0	0.0	0.1538462	0.0	0.0416667	0.1481481	0.2222222	0.0847458	0.0740741	0.122807	0.1351351	0.248227	0.4817518	0.4942529	0.2837838	0.4	0.5	0.0	0.0	0.0	0.0	0.0	0.5	0.6	
Eurasian Hobby	0.0	0.0	0.0	0.0	0.0	0.0	0.0	0.0	0.0	0.0	0.0	0.0	0.0	0.0	0.0	0.0	0.0	0.0	0.0	0.0015	0.0015	0.0	0.0	0.0	0.0015	0.0015	0.0	0.0015	0.0	0.0	0.0	0.0	0.0	0.0	0.0135135	0.0	0.0	0.0	0.0	0.0	0.0	0.0	0.0	0.0	0.0	0.0	0.0	0.0	
Peregrine Falcon	0.0	0.0	0.0	0.0	0.0	0.0	0.0	0.0	0.0	0.0	0.0	0.0	0.0	0.0	0.0	0.0	0.0	0.0	0.0	0.0	0.0	0.0	0.0	0.0	0.0	0.0	0.0	0.0	0.2083333	0.1481481	0.1666667	0.1864407	0.0925926	0.0350877	0.0540541	0.1347518	0.1240876	0.2298851	0.0810811	0.04	0.5	0.0	0.0	0.0	0.0	0.0	0.0	0.0	
Red-eyed Vireo	0.0	0.0	0.0	0.0	0.0	0.0	0.0	0.0	0.0	0.0	0.0	0.0	0.0	0.0	0.0	0.0	0.0	0.0	0.0	0.0	0.0	0.0	0.0	0.0	0.0	0.0	0.0	0.0	0.0	0.0	0.0	0.0	0.0	0.0	0.0	0.0	0.0015	0.0	0.0	0.0	0.0	0.0	0.0	0.0	0.0	0.0	0.0	0.0	
Eurasian Golden Oriole	0.0	0.0	0.0	0.0	0.0	0.0	0.0	0.0	0.0	0.0	0.0	0.0	0.0	0.0	0.0	0.0	0.0	0.0	0.0015	0.0227273	0.0015	0.0	0.0	0.0	0.0	0.0	0.0	0.0	0.0	0.0	0.0	0.0	0.0	0.0	0.0	0.0	0.0	0.0	0.0	0.0	0.0	0.0	0.0	0.0	0.0	0.0	0.0	0.0	
Red-backed Shrike	0.0	0.0	0.0	0.0	0.0	0.0	0.0	0.0	0.0	0.0	0.0	0.0	0.0	0.0	0.0	0.0	0.1428571	0.0333333	0.3939394	0.0227273	0.1282051	0.3666667	0.1212121	0.1	0.0015	0.0015	0.0015	0.0	0.0416667	0.3333333	0.1111111	0.0677966	0.1666667	0.1929825	0.0540541	0.0141844	0.0145985	0.0	0.0135135	0.0015	0.0	0.0	0.0	0.0	0.0	0.0	0.0	0.0	
Turkestan Shrike	0.0	0.0	0.0	0.0	0.0	0.0	0.0	0.0	0.0	0.0	0.0	0.0	0.0	0.0	0.0	0.0	0.0	0.0	0.0	0.0	0.0	0.0	0.0	0.0	0.0	0.0	0.0	0.0	0.0	0.0	0.0	0.0	0.0	0.0	0.0	0.035461	0.0364964	0.0114943	0.0	0.0	0.0	0.0	0.0	0.0	0.0	0.0	0.0	0.0	
Isabelline Shrike	0.0	0.0	0.0	0.0	0.0	0.0	0.0	0.0	0.0	0.0	0.0	0.0	0.0	0.0	0.0	0.0	0.0	0.0	0.0	0.0	0.0	0.0	0.0	0.0	0.0	0.0	0.0	0.0	0.0	0.0	0.0	0.0	0.0	0.0	0.0	0.0	0.0364964	0.0	0.0	0.0	0.0	0.0	0.0	0.0	0.0	0.0	0.0	0.0	
Brown Shrike	0.0	0.0	0.0	0.0	0.0	0.0	0.0	0.0	0.0	0.0	0.0	0.0	0.0	0.0	0.0	0.0	0.0	0.0	0.0	0.0	0.0	0.0	0.0	0.0	0.0	0.0	0.0	0.0	0.0	0.0	0.0	0.0	0.0	0.0	0.0	0.0	0.0	0.0229885	0.0135135	0.0	0.0	0.0	0.0	0.0	0.0	0.0	0.0	0.0	
Great Grey Shrike	0.0	0.0	0.0	0.0	0.0	0.0	0.0	0.0	0.0	0.0	0.0	0.0	0.0015	0.08	0.05	0.0015	0.0015	0.0	0.0	0.0	0.0	0.0	0.0	0.0	0.0	0.0	0.0	0.0	0.0	0.0	0.0	0.0	0.0	0.0	0.0135135	0.0015	0.0291971	0.0114943	0.0015	0.04	0.0	0.0	0.0	0.0	0.0	0.0	0.0	0.0	
Lesser Grey Shrike	0.0	0.0	0.0	0.0	0.0	0.0	0.0	0.0	0.0	0.0	0.0	0.0	0.0	0.0	0.0	0.0	0.0	0.0	0.0	0.0015	0.0015	0.0015	0.0015	0.0015	0.0015	0.0015	0.0015	0.0015	0.0015	0.0	0.0	0.0	0.0	0.0	0.0	0.0	0.0	0.0	0.0	0.0	0.0	0.0	0.0	0.0	0.0	0.0	0.0	0.0	
Woodchat Shrike	0.0	0.0	0.0	0.0	0.0	0.0	0.0	0.0	0.0	0.0	0.0	0.0	0.0	0.0	0.0	0.0	0.0	0.0	0.0	0.0227273	0.0	0.0	0.0015	0.0	0.0	0.0	0.0	0.0	0.0	0.0	0.0015	0.0015	0.0	0.0701754	0.0135135	0.0070922	0.0145985	0.0	0.0	0.0	0.0	0.0	0.0	0.0	0.0	0.0	0.0	0.0	
shrike sp.	0.0	0.0	0.0	0.0	0.0	0.0	0.0	0.0	0.0	0.0	0.0	0.0	0.0	0.0	0.0	0.0	0.0	0.0	0.0	0.0	0.0	0.0	0.0	0.0	0.0	0.0	0.0	0.0	0.0	0.0	0.0	0.0	0.0	0.0	0.0	0.0	0.0072993	0.0	0.0	0.0	0.0	0.0	0.0	0.0	0.0	0.0	0.0	0.0	
Eurasian Jackdaw	0.0	0.0	0.0	0.0	0.0	0.0	0.0	0.0	0.0	0.0	0.0526316	0.0952381	0.0015	0.0015	0.0015	0.04	0.0015	0.0666667	0.0015	0.0227273	0.025641	0.0	0.0	0.0	0.0	0.0	0.0	0.0	0.0	0.0	0.0	0.0	0.0015	0.0	0.0	0.0	0.0	0.0015	0.027027	0.04	0.0	0.0	0.0	0.0	0.0	0.0	0.0	0.0	
Rook	0.0	0.0	0.0	0.0	0.2	0.0	0.0	0.0	0.0	0.1111111	0.1052632	0.0952381	0.1764706	0.04	0.05	0.04	0.0015	0.0015	0.030303	0.0015	0.0	0.0	0.0	0.0	0.0	0.0	0.0	0.0	0.0	0.0	0.0	0.0	0.0	0.0	0.0015	0.0015	0.0	0.0015	0.0015	0.08	0.0	0.0	0.0	0.0	0.0	0.0	0.0	0.0	
Carrion Crow	0.0	0.0	0.0	0.0	0.0	0.4	0.0	0.3333333	0.25	0.1111111	0.6315789	0.6190476	0.4705882	0.2	0.4	0.24	0.4642857	0.4	0.3636364	0.3636364	0.2051282	0.3	0.3333333	0.2333333	0.5	0.2777778	0.4615385	0.2608696	0.3333333	0.3333333	0.3888889	0.2881356	0.2037037	0.1929825	0.1486486	0.1489362	0.2262774	0.3793103	0.1216216	0.36	0.5	0.0	0.0	0.0	0.0	0.0015	0.0	0.0	
Hooded Crow	0.5	1.0	0.0	0.0	0.4	0.8	0.0	0.6666667	1.0	0.6666667	0.6842105	0.9047619	0.8235294	0.6	0.45	0.4	0.5	0.3333333	0.4848485	0.4545455	0.4615385	0.6666667	0.7272727	0.4	0.875	0.6666667	0.6153846	0.3478261	0.5416667	0.5185185	0.6666667	0.5423729	0.6666667	0.3684211	0.4189189	0.4397163	0.5547445	0.7126437	0.3783784	0.84	0.5	0.0	0.0	0.0	1.0	1.0	1.0	1.0	
Carrion x Hooded Crow (hybrid)	0.0	0.0	0.0	0.0	0.0	0.0	0.0	0.0	0.0	0.0	0.0	0.0	0.0	0.0	0.0	0.0	0.0	0.0015	0.0	0.0	0.0	0.0	0.0	0.0	0.0	0.0	0.0	0.0	0.0	0.0	0.0	0.0	0.0	0.0	0.0	0.0070922	0.0	0.0	0.0	0.0	0.0	0.0	0.0	0.0	0.0	0.0	0.0	0.0	
Carrion/Hooded Crow	0.0	0.0	0.0	0.0	0.0	0.0	0.0	0.0	0.0	0.0	0.0	0.0	0.0	0.0	0.0	0.0	0.0	0.0	0.0	0.0	0.0	0.0	0.0	0.0	0.0	0.0	0.0	0.0	0.0	0.0015	0.0	0.0	0.0	0.0015	0.0	0.0	0.0	0.0	0.0	0.0	0.0	0.0	0.0	0.0	0.0	0.0	0.0	0.0	
Common Raven	0.0	0.0	0.0	0.0	0.4	0.4	0.0	0.6666667	0.25	0.1111111	0.5263158	0.8571429	0.4117647	0.44	0.35	0.32	0.4285714	0.3333333	0.4242424	0.3409091	0.3076923	0.5	0.3333333	0.4333333	0.0	0.3333333	0.3076923	0.173913	0.1666667	0.5555556	0.5	0.4067797	0.537037	0.3859649	0.3513514	0.3829787	0.6058394	0.6321839	0.3513514	0.88	0.5	0.0	0.0	0.0	1.0	1.0	0.0	0.4	
Coal Tit	0.0	0.0	0.0	0.0	0.0	0.0	0.0	0.0	0.0	0.0	0.0	0.0	0.0	0.0	0.0	0.0	0.0	0.0	0.0	0.0	0.0	0.0	0.0	0.0	0.0	0.0	0.0	0.0	0.0	0.0	0.0	0.0	0.0	0.0	0.0	0.0015	0.0	0.0	0.0	0.0	0.0	0.0	0.0	0.0	0.0	0.0	0.0	0.0	
Eurasian Blue Tit	0.0	0.0	0.0	0.0	0.0	0.0	0.0	0.0	0.0	0.0	0.0	0.0015	0.0	0.0	0.0	0.0	0.0	0.0	0.0	0.0227273	0.0	0.0	0.0	0.0	0.0	0.0	0.0	0.0	0.0	0.0	0.0	0.0	0.0	0.0	0.0	0.0	0.0015	0.0015	0.0015	0.0	0.0	0.0	0.0	0.0	0.0	0.0	0.0	0.0	
Great Tit	0.0	0.0	0.0	0.0	0.0	0.0	0.0	0.0	0.0	0.0	0.1052632	0.0015	0.1176471	0.04	0.0	0.0015	0.0015	0.0	0.0	0.0227273	0.0	0.0	0.0	0.0	0.0	0.0	0.0	0.0	0.0	0.0	0.0	0.0	0.0	0.0	0.0	0.0	0.0072993	0.0229885	0.0135135	0.24	0.0	0.0	0.0	0.0	0.0	0.0	0.0	0.0	
Woodlark	0.0	0.0	0.0	0.0	0.0	0.0	0.0	0.0	0.0015	0.0	0.0526316	0.0952381	0.0	0.0	0.0	0.0	0.0	0.0	0.0	0.0	0.0	0.0	0.0	0.0	0.0	0.0	0.0	0.0	0.0	0.0	0.0	0.0	0.0	0.0	0.0	0.0	0.0	0.0	0.0	0.0015	0.0	0.0	0.0	0.0	0.0	0.0	0.0	0.0	
Eurasian Skylark	0.0	0.0	0.0	0.0	0.0	0.0	0.0	1.0	1.0	0.8888889	0.7894737	0.952381	0.8235294	0.64	0.45	0.4	0.6071429	0.5666667	0.6969697	0.6363636	0.6923077	0.6666667	0.7575758	0.6666667	1.0	0.7777778	0.7692308	0.4782609	0.5416667	0.6296296	0.6666667	0.6101695	0.5740741	0.3684211	0.4459459	0.4255319	0.6423358	0.6896552	0.4054054	0.96	0.5	0.0	0.0	0.0	0.0015	0.0	0.0	0.0	
Shore Lark	0.0	0.0	0.0	0.0	0.0	0.0	0.0	0.0	0.0	0.0	0.0	0.0	0.0588235	0.0	0.0015	0.0	0.0015	0.0	0.0	0.0	0.0	0.0	0.0	0.0	0.0	0.0	0.0	0.0	0.0	0.0	0.0	0.0	0.0	0.0	0.0015	0.0	0.0072993	0.0344828	0.0135135	0.0015	0.0	0.0	0.0	0.0	0.0	0.0	0.0	0.0	
Greater Short-toed Lark	0.0	0.0	0.0	0.0	0.0	0.0	0.0	0.0	0.0	0.0	0.0	0.0	0.0	0.0	0.0	0.04	0.0015	0.0333333	0.0015	0.0227273	0.0512821	0.0	0.0	0.0	0.0	0.0	0.0	0.0	0.0	0.0	0.0	0.0015	0.0015	0.0	0.027027	0.0496454	0.080292	0.1494253	0.0135135	0.08	0.0	0.0	0.0	0.0	0.0	0.0	0.0	0.0	
Calandra Lark	0.0	0.0	0.0	0.0	0.0	0.0	0.0	0.0	0.0	0.0	0.0	0.0	0.0	0.0	0.0015	0.0	0.0	0.1666667	0.0	0.0227273	0.0	0.0666667	0.0	0.0333333	0.0	0.0	0.0	0.0	0.0	0.0	0.0	0.0	0.0	0.0	0.0	0.0	0.0	0.0	0.0	0.0	0.0	0.0	0.0	0.0	0.0	0.0	0.0	0.0	
Thick-billed Warbler	0.0	0.0	0.0	0.0	0.0	0.0	0.0	0.0	0.0	0.0	0.0	0.0	0.0	0.0	0.0	0.0	0.0	0.0	0.0015	0.0	0.0	0.0	0.0	0.0	0.0	0.0	0.0	0.0	0.0	0.0	0.0	0.0	0.0	0.0	0.0	0.0	0.0	0.0	0.0	0.0	0.0	0.0	0.0	0.0	0.0	0.0	0.0	0.0	
Booted Warbler	0.0	0.0	0.0	0.0	0.0	0.0	0.0	0.0	0.0	0.0	0.0	0.0	0.0	0.0	0.0	0.0	0.0	0.0	0.0	0.0	0.0	0.0	0.0	0.0333333	0.0	0.0	0.0	0.0	0.0	0.0740741	0.0	0.0169492	0.0015	0.0	0.0	0.0496454	0.0072993	0.0	0.0	0.0	0.0	0.0	0.0	0.0	0.0	0.0	0.0	0.0	
Sykes's Warbler	0.0	0.0	0.0	0.0	0.0	0.0	0.0	0.0	0.0	0.0	0.0	0.0	0.0	0.0	0.0	0.0	0.0	0.0	0.0	0.0	0.0	0.0	0.0	0.0	0.0	0.0	0.0	0.0	0.0	0.0	0.0	0.0	0.0	0.0	0.0	0.0015	0.0	0.0	0.0	0.0	0.0	0.0	0.0	0.0	0.0	0.0	0.0	0.0	
Eastern Olivaceous Warbler	0.0	0.0	0.0	0.0	0.0	0.0	0.0	0.0	0.0	0.0	0.0	0.0	0.0	0.0	0.0	0.0	0.0	0.0	0.0	0.0	0.0	0.0333333	0.0015	0.0	0.0	0.0	0.0	0.0	0.0	0.0	0.0	0.0	0.0	0.0	0.0	0.0	0.0	0.0	0.0	0.0	0.0	0.0	0.0	0.0	0.0	0.0	0.0	0.0	
Melodious Warbler	0.0	0.0	0.0	0.0	0.0	0.0	0.0	0.0	0.0	0.0	0.0	0.0	0.0	0.0	0.0	0.0	0.0	0.0	0.0	0.0	0.0015	0.0	0.0	0.0	0.0	0.0	0.0	0.0	0.0	0.0015	0.0	0.0508475	0.0185185	0.0175439	0.0015	0.0	0.0	0.0	0.0	0.0	0.0	0.0	0.0	0.0	0.0	0.0	0.0	0.0	
Icterine Warbler	0.0	0.0	0.0	0.0	0.0	0.0	0.0	0.0	0.0	0.0	0.0	0.0	0.0	0.0	0.0	0.0	0.0357143	0.0015	0.0015	0.0909091	0.1794872	0.0333333	0.0	0.0	0.0	0.0	0.0015	0.0015	0.0015	0.0740741	0.0555556	0.0338983	0.0185185	0.0175439	0.0135135	0.0015	0.0015	0.0	0.0	0.0	0.0	0.0	0.0	0.0	0.0	0.0	0.0	0.0	
Aquatic Warbler	0.0	0.0	0.0	0.0	0.0	0.0	0.0	0.0	0.0	0.0	0.0	0.0	0.0	0.0	0.0	0.0	0.0	0.0	0.0	0.0	0.0	0.0	0.0	0.0	0.0	0.0	0.0	0.0	0.0	0.0015	0.0	0.0	0.0	0.0175439	0.0135135	0.0	0.0	0.0	0.0	0.0	0.0	0.0	0.0	0.0	0.0	0.0	0.0	0.0	
Sedge Warbler	0.0	0.0	0.0	0.0	0.0	0.0	0.0	0.0	0.0	0.0	0.0	0.0	0.0	0.0	0.0	0.04	0.0357143	0.1666667	0.3636364	0.1363636	0.1282051	0.0333333	0.030303	0.0015	0.0	0.0	0.0	0.0869565	0.2083333	0.0740741	0.0015	0.1016949	0.0555556	0.0877193	0.1216216	0.0567376	0.080292	0.0229885	0.0	0.0	0.0	0.0	0.0	0.0	0.0	0.0	0.0	0.0	
Paddyfield Warbler	0.0	0.0	0.0	0.0	0.0	0.0	0.0	0.0	0.0	0.0	0.0	0.0	0.0	0.0	0.0	0.0	0.0	0.0	0.0	0.0	0.0	0.0015	0.0015	0.0	0.0	0.0	0.0	0.0	0.0	0.0	0.0	0.0	0.0185185	0.0015	0.0135135	0.0141844	0.0	0.0	0.0	0.0015	0.0	0.0	0.0	0.0	0.0	0.0	0.0	0.0	
Blyth's Reed Warbler	0.0	0.0	0.0	0.0	0.0	0.0	0.0	0.0	0.0	0.0	0.0	0.0	0.0	0.0	0.0	0.0	0.0	0.0	0.0	0.0015	0.025641	0.0333333	0.0	0.0015	0.0	0.0	0.0	0.0	0.0	0.0015	0.0015	0.0338983	0.0015	0.0175439	0.0015	0.070922	0.0015	0.0015	0.0015	0.0	0.0	0.0	0.0	0.0	0.0	0.0	0.0	0.0	
Marsh Warbler	0.0	0.0	0.0	0.0	0.0	0.0	0.0	0.0	0.0	0.0	0.0	0.0	0.0	0.0	0.0	0.0	0.0	0.0	0.0	0.0015	0.2051282	0.2666667	0.1515152	0.0015	0.0015	0.0555556	0.0015	0.0015	0.0015	0.0015	0.0015	0.0338983	0.0185185	0.0175439	0.0015	0.0070922	0.0015	0.0	0.0	0.0	0.0	0.0	0.0	0.0	0.0	0.0	0.0	0.0	
Common Reed Warbler	0.0	0.0	0.0	0.0	0.0	0.0	0.0	0.0	0.0	0.0	0.0	0.0	0.0	0.0	0.0	0.0	0.0357143	0.0015	0.0606061	0.0015	0.0512821	0.0333333	0.0606061	0.0015	0.0	0.0015	0.0	0.0	0.0015	0.1481481	0.2222222	0.1355932	0.1666667	0.1578947	0.1216216	0.070922	0.0948905	0.0229885	0.027027	0.0	0.0	0.0	0.0	0.0	0.0	0.0	0.0	0.0	
Great Reed Warbler	0.0	0.0	0.0	0.0	0.0	0.0	0.0	0.0	0.0	0.0	0.0	0.0	0.0	0.0	0.0	0.0	0.0	0.0	0.0909091	0.0227273	0.0	0.0	0.0	0.0	0.0	0.0	0.0015	0.0	0.0	0.0	0.0	0.0	0.0	0.0	0.0	0.0	0.0	0.0	0.0	0.0	0.0	0.0	0.0	0.0	0.0	0.0	0.0	0.0	
Acrocephalus sp.	0.0	0.0	0.0	0.0	0.0	0.0	0.0	0.0	0.0	0.0	0.0	0.0	0.0	0.0	0.0	0.0	0.0	0.0	0.0	0.0	0.0	0.0	0.0	0.0	0.0	0.0	0.0	0.0	0.0	0.0	0.0	0.0	0.0	0.0175439	0.0	0.0	0.0	0.0	0.0	0.0	0.0	0.0	0.0	0.0	0.0	0.0	0.0	0.0	
Pallas's Grasshopper Warbler	0.0	0.0	0.0	0.0	0.0	0.0	0.0	0.0	0.0	0.0	0.0	0.0	0.0	0.0	0.0	0.0	0.0	0.0	0.0	0.0	0.0	0.0	0.0	0.0	0.0	0.0	0.0	0.0	0.0	0.0	0.0	0.0	0.0	0.0	0.0135135	0.035461	0.0364964	0.045977	0.0015	0.0	0.0	0.0	0.0	0.0	0.0	0.0	0.0	0.0	
Lanceolated Warbler	0.0	0.0	0.0	0.0	0.0	0.0	0.0	0.0	0.0	0.0	0.0	0.0	0.0	0.0	0.0	0.0	0.0	0.0	0.0	0.0	0.0	0.0	0.0	0.0	0.0	0.0	0.0	0.0	0.0	0.0	0.0	0.0	0.0015	0.0015	0.027027	0.070922	0.1240876	0.0344828	0.0135135	0.0	0.0	0.0	0.0	0.0	0.0	0.0	0.0	0.0	
River Warbler	0.0	0.0	0.0	0.0	0.0	0.0	0.0	0.0	0.0	0.0	0.0	0.0	0.0	0.0	0.0	0.0	0.0	0.0	0.0	0.0015	0.0	0.0333333	0.0015	0.0	0.0	0.0	0.0	0.0	0.0	0.0	0.0	0.0	0.0	0.0	0.0	0.0015	0.0015	0.0015	0.0	0.0	0.0	0.0	0.0	0.0	0.0	0.0	0.0	0.0	
Savi's Warbler	0.0	0.0	0.0	0.0	0.0	0.0	0.0	0.0	0.0	0.0	0.0	0.0	0.0	0.0	0.0	0.0	0.0	0.0	0.0	0.0015	0.0	0.0	0.0	0.0	0.0	0.0	0.0	0.0	0.0	0.0	0.0	0.0	0.0	0.0	0.0	0.0015	0.0015	0.0	0.0	0.0	0.0	0.0	0.0	0.0	0.0	0.0	0.0	0.0	
Common Grasshopper Warbler	0.0	0.0	0.0	0.0	0.0	0.0	0.0	0.0	0.0	0.0	0.0	0.0	0.0	0.0015	0.05	0.08	0.0714286	0.1	0.030303	0.0015	0.0	0.0	0.0	0.0	0.0	0.0	0.0	0.0	0.0	0.0740741	0.0	0.0338983	0.0555556	0.0015	0.0405405	0.035461	0.0218978	0.0015	0.0	0.0	0.0	0.0	0.0	0.0	0.0	0.0	0.0	0.0	
Sand Martin	0.0	0.0	0.0	0.0	0.0	0.0	0.0	0.0	0.0	0.0	0.0	0.0	0.0015	0.0015	0.0015	0.08	0.0357143	0.2	0.3333333	0.1136364	0.025641	0.0333333	0.0606061	0.0666667	0.0	0.0015	0.0	0.0434783	0.0015	0.037037	0.0015	0.0677966	0.0185185	0.0015	0.0540541	0.0283688	0.0072993	0.0	0.0	0.0	0.0	0.0	0.0	0.0	0.0	0.0	0.0	0.0	
Eurasian Crag Martin	0.0	0.0	0.0	0.0	0.0	0.0	0.0	0.0	0.0	0.0	0.0	0.0	0.0	0.0	0.0	0.0	0.0	0.0015	0.0	0.0	0.0	0.0	0.0	0.0	0.0	0.0	0.0	0.0	0.0	0.0	0.0	0.0	0.0	0.0	0.0	0.0	0.0	0.0	0.0	0.0	0.0	0.0	0.0	0.0	0.0	0.0	0.0	0.0	
Barn Swallow	0.0	0.0	0.0	0.0	0.0	0.0	0.0	0.0	0.0	0.0	0.0	0.0	0.0015	0.08	0.2	0.08	0.3214286	0.4	0.6363636	0.3863636	0.5897436	0.6	0.6363636	0.3333333	0.25	0.6111111	0.4615385	0.3043478	0.375	0.5555556	0.5555556	0.440678	0.2962963	0.1754386	0.2162162	0.2553191	0.3211679	0.2068966	0.027027	0.0	0.0	0.0	0.0	0.0	0.0	0.0	0.0	0.0	
Western House Martin	0.0	0.0	0.0	0.0	0.0	0.0	0.0	0.0	0.0	0.0	0.0	0.0	0.0	0.0015	0.0015	0.12	0.0714286	0.3	0.5151515	0.2272727	0.2307692	0.1666667	0.1212121	0.2	0.0015	0.0555556	0.0	0.0015	0.0015	0.037037	0.0	0.0015	0.0740741	0.1052632	0.0405405	0.0141844	0.0145985	0.0114943	0.027027	0.0	0.0	0.0	0.0	0.0	0.0	0.0	0.0	0.0	
European Red-rumped Swallow	0.0	0.0	0.0	0.0	0.0	0.0	0.0	0.0	0.0	0.0	0.0	0.0	0.0	0.0	0.0015	0.0	0.0015	0.0	0.0015	0.0	0.025641	0.0	0.0	0.0	0.0	0.0	0.0	0.0	0.0	0.0	0.0	0.0	0.0	0.0	0.0	0.0	0.0	0.0	0.0	0.0	0.0	0.0	0.0	0.0	0.0	0.0	0.0	0.0	
Wood Warbler	0.0	0.0	0.0	0.0	0.0	0.0	0.0	0.0	0.0	0.0	0.0	0.0	0.0	0.0	0.0	0.0	0.0357143	0.0333333	0.0606061	0.0227273	0.0015	0.0	0.0	0.0	0.0	0.0	0.0	0.0	0.0015	0.0740741	0.0015	0.1186441	0.1296296	0.0175439	0.0405405	0.0141844	0.0	0.0	0.0	0.0	0.0	0.0	0.0	0.0	0.0	0.0	0.0	0.0	
Western Bonelli's Warbler	0.0	0.0	0.0	0.0	0.0	0.0	0.0	0.0	0.0	0.0	0.0	0.0	0.0	0.0	0.0	0.0	0.0	0.0	0.0	0.0	0.0	0.0	0.0	0.0	0.0	0.0	0.0	0.0	0.0	0.0	0.0	0.0338983	0.0	0.0015	0.0015	0.0	0.0	0.0	0.0	0.0	0.0	0.0	0.0	0.0	0.0	0.0	0.0	0.0	
Western/Eastern Bonelli's Warbler	0.0	0.0	0.0	0.0	0.0	0.0	0.0	0.0	0.0	0.0	0.0	0.0	0.0	0.0	0.0	0.0	0.0	0.0	0.0	0.0	0.0	0.0	0.0	0.0	0.0	0.0	0.0	0.0	0.0	0.0	0.0	0.0	0.0	0.0	0.0	0.0015	0.0	0.0	0.0	0.0	0.0	0.0	0.0	0.0	0.0	0.0	0.0	0.0	
Yellow-browed Warbler	0.0	0.0	0.0	0.0	0.0	0.0	0.0	0.0	0.0	0.0	0.0	0.0	0.0	0.0	0.0	0.0	0.0357143	0.0	0.0	0.0	0.0	0.0	0.0	0.0	0.0	0.0	0.0	0.0	0.0	0.0	0.0	0.0	0.0	0.0175439	0.2432432	0.4113475	0.4014599	0.2643678	0.1486486	0.0015	0.0	0.0	0.0	0.0	0.0	0.0	0.0	0.0	
Pallas's Warbler	0.0	0.0	0.0	0.0	0.0	0.0	0.0	0.0	0.0	0.0	0.0	0.0	0.0	0.0	0.0	0.0	0.0	0.0	0.0	0.0	0.0	0.0	0.0	0.0	0.0	0.0	0.0	0.0	0.0	0.0	0.0	0.0	0.0	0.0	0.0	0.0	0.0015	0.0114943	0.0135135	0.04	0.0	0.0	0.0	0.0	0.0	0.0	0.0	0.0	
Radde's Warbler	0.0	0.0	0.0	0.0	0.0	0.0	0.0	0.0	0.0	0.0	0.0	0.0	0.0	0.0	0.0	0.0	0.0	0.0	0.0	0.0	0.0	0.0	0.0	0.0	0.0	0.0	0.0	0.0	0.0	0.0	0.0	0.0	0.0	0.0	0.0	0.0141844	0.0072993	0.0015	0.0015	0.0	0.0	0.0	0.0	0.0	0.0	0.0	0.0	0.0	
Dusky Warbler	0.0	0.0	0.0	0.0	0.0	0.0	0.0	0.0	0.0	0.0	0.0	0.0	0.0	0.0	0.0	0.0	0.0	0.0	0.0	0.0	0.0	0.0	0.0	0.0	0.0	0.0	0.0	0.0	0.0	0.0	0.0	0.0	0.0	0.0	0.0	0.0070922	0.0	0.0015	0.0135135	0.04	0.0	0.0	0.0	0.0	0.0	0.0	0.0	0.0	
Willow Warbler	0.0	0.0	0.0	0.0	0.0	0.0	0.0	0.0	0.0	0.0	0.0	0.0015	0.0015	0.0015	0.05	0.24	0.5	0.4666667	0.5454545	0.3181818	0.2051282	0.2666667	0.1212121	0.0666667	0.125	0.0015	0.0	0.0015	0.1666667	0.3333333	0.4444444	0.6610169	0.6851852	0.5614035	0.5	0.4680851	0.2992701	0.0689655	0.0135135	0.0	0.0	0.0	0.0	0.0	0.0	0.0	0.0	0.0	
Common Chiffchaff	0.0	0.0	0.0	0.0	0.0	0.0	0.0	0.0	0.0	0.0	0.1052632	0.1428571	0.3529412	0.32	0.45	0.28	0.4285714	0.3333333	0.3333333	0.3181818	0.3076923	0.2	0.3333333	0.1333333	0.0	0.2222222	0.0769231	0.0869565	0.0416667	0.0740741	0.0555556	0.1355932	0.0555556	0.1052632	0.1756757	0.2765957	0.4817518	0.6206897	0.3648649	0.6	0.5	0.0	0.0	0.0	0.0	0.0	0.0	0.0	
Willow Warbler/Common Chiffchaff	0.0	0.0	0.0	0.0	0.0	0.0	0.0	0.0	0.0	0.0	0.0	0.0	0.0	0.0	0.0	0.0	0.0	0.0	0.030303	0.0	0.0	0.0	0.0	0.0	0.0	0.0	0.0	0.0	0.0	0.0	0.0	0.0	0.0555556	0.0877193	0.0	0.0	0.0	0.0	0.0	0.0	0.0	0.0	0.0	0.0	0.0	0.0	0.0	0.0	
Green Warbler	0.0	0.0	0.0	0.0	0.0	0.0	0.0	0.0	0.0	0.0	0.0	0.0	0.0	0.0	0.0	0.0	0.0	0.0	0.0	0.0	0.0	0.0	0.030303	0.0	0.0015	0.0	0.0	0.0	0.0	0.0	0.0	0.0	0.0	0.0	0.0	0.0	0.0	0.0	0.0	0.0	0.0	0.0	0.0	0.0	0.0	0.0	0.0	0.0	
Greenish Warbler	0.0	0.0	0.0	0.0	0.0	0.0	0.0	0.0	0.0	0.0	0.0	0.0	0.0	0.0	0.0	0.0	0.0	0.0	0.0	0.0	0.0	0.0	0.030303	0.0	0.0	0.0	0.0	0.0	0.0	0.0740741	0.0555556	0.0847458	0.037037	0.0015	0.0015	0.0	0.0	0.0	0.0	0.0	0.0	0.0	0.0	0.0	0.0	0.0	0.0	0.0	
Arctic Warbler	0.0	0.0	0.0	0.0	0.0	0.0	0.0	0.0	0.0	0.0	0.0	0.0	0.0	0.0	0.0	0.0	0.0	0.0	0.0	0.0	0.0	0.0	0.0	0.0	0.0	0.0	0.0015	0.0	0.0	0.0	0.0015	0.0677966	0.0925926	0.0701754	0.0945946	0.0141844	0.0218978	0.0015	0.0135135	0.0	0.0	0.0	0.0	0.0	0.0	0.0	0.0	0.0	
Eurasian Blackcap	0.0	0.0	0.0	0.0	0.0	0.0	0.0	0.0	0.0	0.0	0.0526316	0.0	0.0015	0.0015	0.25	0.04	0.2857143	0.2333333	0.2424242	0.25	0.2051282	0.1666667	0.2424242	0.0666667	0.0015	0.0555556	0.0	0.0	0.0	0.0015	0.0015	0.0508475	0.1851852	0.1929825	0.4054054	0.4893617	0.6423358	0.6436782	0.3513514	0.56	0.0015	0.0	0.0	0.0	0.0	0.0	0.0	0.0	
Garden Warbler	0.0	0.0	0.0	0.0	0.0	0.0	0.0	0.0	0.0	0.0	0.0	0.0	0.0	0.0	0.0	0.0	0.0	0.0015	0.2121212	0.2272727	0.2820513	0.2	0.1818182	0.0333333	0.125	0.2222222	0.0015	0.0015	0.1666667	0.2962963	0.2777778	0.2881356	0.4444444	0.4561404	0.3513514	0.2695035	0.1021898	0.0574713	0.027027	0.0015	0.0	0.0	0.0	0.0	0.0	0.0	0.0	0.0	
Barred Warbler	0.0	0.0	0.0	0.0	0.0	0.0	0.0	0.0	0.0	0.0	0.0	0.0	0.0	0.0	0.0	0.0	0.0	0.0	0.0	0.0	0.0	0.0	0.0	0.0333333	0.0	0.0	0.0	0.0	0.0416667	0.2222222	0.1666667	0.2711864	0.4444444	0.245614	0.2162162	0.106383	0.0437956	0.0229885	0.0135135	0.0	0.0	0.0	0.0	0.0	0.0	0.0	0.0	0.0	
Lesser Whitethroat	0.0	0.0	0.0	0.0	0.0	0.0	0.0	0.0	0.0	0.0	0.0	0.0	0.0	0.0015	0.0015	0.08	0.1785714	0.1	0.3939394	0.1818182	0.2564103	0.1666667	0.2727273	0.0666667	0.0015	0.0015	0.0769231	0.0	0.0	0.037037	0.0555556	0.2372881	0.3148148	0.2807018	0.3108108	0.3262411	0.2408759	0.183908	0.1216216	0.12	0.0015	0.0	0.0	0.0	0.0	0.0	0.0	0.0	
Moltoni's Warbler	0.0	0.0	0.0	0.0	0.0	0.0	0.0	0.0	0.0	0.0	0.0	0.0	0.0	0.0	0.0	0.0	0.0	0.0	0.0015	0.0015	0.0	0.0	0.0	0.0	0.0	0.0	0.0	0.0	0.0	0.0	0.0	0.0	0.0	0.0	0.0	0.0	0.0	0.0	0.0	0.0	0.0	0.0	0.0	0.0	0.0	0.0	0.0	0.0	
Western Subalpine Warbler	0.0	0.0	0.0	0.0	0.0	0.0	0.0	0.0	0.0	0.0	0.0	0.0	0.0	0.0	0.0	0.0	0.0	0.0333333	0.0	0.0	0.0	0.0	0.0	0.0	0.0	0.0	0.0	0.0	0.0	0.0	0.0	0.0	0.0	0.0	0.0	0.0	0.0	0.0	0.0	0.0	0.0	0.0	0.0	0.0	0.0	0.0	0.0	0.0	
Eastern Subalpine Warbler	0.0	0.0	0.0	0.0	0.0	0.0	0.0	0.0	0.0	0.0	0.0	0.0	0.0	0.0	0.0	0.08	0.0714286	0.0666667	0.0	0.0227273	0.0015	0.0015	0.0015	0.0	0.0	0.0	0.0	0.0015	0.0	0.0	0.0	0.0	0.0	0.0	0.0	0.0	0.0	0.0	0.0	0.0	0.0	0.0	0.0	0.0	0.0	0.0	0.0	0.0	
Western/Eastern Subalpine Warbler	0.0	0.0	0.0	0.0	0.0	0.0	0.0	0.0	0.0	0.0	0.0	0.0	0.0	0.0	0.0015	0.0	0.0	0.0015	0.0015	0.0015	0.0015	0.0	0.0	0.0015	0.0015	0.0	0.0	0.0015	0.0	0.0015	0.0	0.0	0.0	0.0015	0.0	0.0015	0.0	0.0	0.0015	0.0	0.0	0.0	0.0	0.0	0.0	0.0	0.0	0.0	
Common Whitethroat	0.0	0.0	0.0	0.0	0.0	0.0	0.0	0.0	0.0	0.0	0.0	0.0	0.0	0.0	0.0015	0.0015	0.2142857	0.2333333	0.3939394	0.1363636	0.1282051	0.1333333	0.2121212	0.0666667	0.0	0.0	0.0	0.0	0.0	0.037037	0.1666667	0.1186441	0.0925926	0.122807	0.1216216	0.0921986	0.0510949	0.0	0.0	0.0	0.0	0.0	0.0	0.0	0.0	0.0	0.0	0.0	
Goldcrest	0.0	0.0	0.0	0.0	0.0	0.0	0.0	0.0	0.0	0.1111111	0.0526316	0.1904762	0.1176471	0.28	0.1	0.08	0.1071429	0.1333333	0.0015	0.0015	0.0	0.0	0.0	0.0	0.0	0.0	0.0	0.0	0.0	0.0	0.0015	0.0015	0.0740741	0.2105263	0.2972973	0.2198582	0.3065693	0.4022989	0.2162162	0.44	0.0015	0.0	0.0	0.0	0.0	0.0	0.0	0.0	
Common Firecrest	0.0	0.0	0.0	0.0	0.0	0.0	0.0	0.0	0.0	0.0	0.0	0.0	0.0	0.0	0.0	0.0	0.0357143	0.0	0.0	0.0	0.0	0.0	0.0	0.0	0.0	0.0	0.0	0.0	0.0	0.0	0.0	0.0	0.0	0.0	0.0	0.0	0.0	0.0	0.0135135	0.0015	0.0	0.0	0.0	0.0	0.0	0.0	0.0	0.0	
Eurasian Treecreeper	0.0	0.0	0.0	0.0	0.0	0.0	0.0	0.0	0.0	0.0	0.0	0.0	0.0	0.0015	0.0	0.0	0.0	0.0	0.0	0.0	0.0	0.0	0.0	0.0	0.0	0.0	0.0	0.0	0.0	0.0	0.0	0.0	0.0	0.0	0.0	0.0070922	0.0	0.0015	0.0	0.0	0.0	0.0	0.0	0.0	0.0	0.0	0.0	0.0	
Eurasian Wren	0.0	0.0	0.0	0.0	0.0	0.0	0.0	0.0	0.0	0.1111111	0.4736842	0.9047619	0.5294118	0.44	0.45	0.36	0.3214286	0.4333333	0.3636364	0.4545455	0.5128205	0.6333333	0.5151515	0.4	0.5	0.5555556	0.3076923	0.3478261	0.5416667	0.5925926	0.6666667	0.5423729	0.537037	0.4210526	0.3648649	0.4255319	0.5693431	0.6666667	0.4054054	0.92	0.5	0.0	0.0	0.0	1.0	1.0	0.25	1.0	
White-throated Dipper	0.0	0.0	0.0	0.0	0.0	0.0	0.0	0.0	0.0	0.0	0.0	0.0	0.1176471	0.0015	0.05	0.0015	0.0	0.0	0.0	0.0	0.0	0.0	0.0	0.0	0.0	0.0	0.0	0.0	0.0	0.0	0.0	0.0	0.0	0.0	0.0	0.0	0.0	0.0	0.0	0.0	0.0	0.0	0.0	0.0	0.0	0.0	0.0	0.0	
Common Starling	1.0	1.0	1.0	1.0	0.8	1.0	0.0	1.0	1.0	0.8888889	0.7368421	0.952381	0.8235294	0.64	0.5	0.36	0.5714286	0.6	0.6666667	0.6363636	0.6923077	0.7333333	0.7272727	0.6333333	1.0	0.8333333	0.9230769	0.5652174	0.7083333	0.6666667	0.6666667	0.6271186	0.6111111	0.4385965	0.3783784	0.4326241	0.620438	0.6321839	0.4864865	0.92	1.0	0.0	0.0	0.0	1.0	1.0	1.0	1.0	
Rose-coloured Starling	0.0	0.0	0.0	0.0	0.0	0.0	0.0	0.0	0.0	0.0	0.0	0.0	0.0	0.0	0.0	0.0	0.0	0.0	0.0	0.0015	0.0512821	0.1333333	0.0606061	0.0333333	0.0	0.1111111	0.1538462	0.0015	0.0416667	0.0740741	0.0555556	0.0338983	0.0185185	0.0175439	0.0	0.0015	0.0	0.0	0.0	0.0	0.0	0.0	0.0	0.0	0.0	0.0	0.0	0.0	
Daurian Starling	0.0	0.0	0.0	0.0	0.0	0.0	0.0	0.0	0.0	0.0	0.0	0.0	0.0	0.0	0.0	0.0	0.0	0.0	0.0606061	0.0	0.0	0.0	0.0	0.0	0.0	0.0	0.0	0.0	0.0	0.0	0.0	0.0	0.0	0.0	0.0	0.0	0.0	0.0	0.0	0.0	0.0	0.0	0.0	0.0	0.0	0.0	0.0	0.0	
White's Thrush	0.0	0.0	0.0	0.0	0.0	0.0	0.0	0.0	0.0	0.0	0.0	0.0	0.0	0.0	0.0	0.0	0.0	0.0	0.0	0.0	0.0	0.0	0.0	0.0	0.0	0.0	0.0	0.0	0.0	0.0	0.0	0.0	0.0	0.0	0.0	0.0141844	0.0015	0.0015	0.0	0.0	0.0	0.0	0.0	0.0	0.0	0.0	0.0	0.0	
Grey-cheeked Thrush	0.0	0.0	0.0	0.0	0.0	0.0	0.0	0.0	0.0	0.0	0.0	0.0	0.0	0.0	0.0	0.0	0.0	0.0	0.0	0.0	0.0	0.0	0.0	0.0	0.0	0.0	0.0	0.0	0.0	0.0	0.0	0.0	0.0	0.0	0.0	0.0070922	0.0	0.0015	0.0	0.0015	0.0	0.0	0.0	0.0	0.0	0.0	0.0	0.0	
Swainson's Thrush	0.0	0.0	0.0	0.0	0.0	0.0	0.0	0.0	0.0	0.0	0.0	0.0	0.0	0.0	0.0	0.0	0.0	0.0	0.0	0.0	0.0	0.0	0.0	0.0	0.0	0.0	0.0	0.0	0.0	0.0	0.0	0.0	0.0	0.0	0.0	0.0070922	0.0	0.0	0.0	0.0	0.0	0.0	0.0	0.0	0.0	0.0	0.0	0.0	
Hermit Thrush	0.0	0.0	0.0	0.0	0.0	0.0	0.0	0.0	0.0	0.0	0.0	0.0	0.0	0.0	0.0	0.0	0.0	0.0015	0.0	0.0	0.0	0.0	0.0	0.0	0.0	0.0	0.0	0.0	0.0	0.0	0.0	0.0	0.0	0.0	0.0	0.0	0.0	0.0	0.0	0.0	0.0	0.0	0.0	0.0	0.0	0.0	0.0	0.0	
Siberian Thrush	0.0	0.0	0.0	0.0	0.0	0.0	0.0	0.0	0.0	0.0	0.0	0.0	0.0	0.0	0.0	0.0	0.0	0.0	0.0	0.0	0.0	0.0	0.0	0.0	0.0	0.0	0.0	0.0	0.0	0.0	0.0	0.0	0.0	0.0	0.0	0.0015	0.0	0.0	0.0	0.0	0.0	0.0	0.0	0.0	0.0	0.0	0.0	0.0	
Mistle Thrush	0.0	0.0	0.0	0.0	0.0	0.0	0.0	0.0	0.0	0.0	0.0	0.0952381	0.1764706	0.0015	0.0015	0.04	0.0	0.0333333	0.030303	0.0227273	0.0	0.0	0.0	0.0	0.0	0.0	0.0	0.0	0.0	0.0015	0.0	0.0	0.0	0.0	0.0	0.0015	0.0072993	0.0229885	0.027027	0.04	0.0015	0.0	0.0	0.0	0.0	0.0	0.0	0.0	
Song Thrush	0.0	0.0	0.0	0.0	0.0	0.2	0.0	0.3333333	0.5	0.2222222	0.1578947	0.4285714	0.2352941	0.32	0.25	0.32	0.3214286	0.2666667	0.2727273	0.0454545	0.0015	0.0333333	0.1818182	0.0333333	0.0	0.0015	0.0	0.0434783	0.0015	0.0	0.0	0.0015	0.037037	0.0701754	0.2837838	0.2836879	0.4890511	0.6551724	0.3513514	0.72	0.5	0.0	0.0	0.0	0.0	1.0	0.5	0.8	
Redwing	0.5	1.0	0.5	0.0	0.2	0.2	0.0	0.6666667	0.0	0.1111111	0.3157895	0.7619048	0.8235294	0.68	0.4	0.2	0.0	0.0015	0.0	0.0015	0.0	0.0	0.0	0.0	0.0	0.0	0.0	0.0	0.0	0.1481481	0.1666667	0.1525424	0.1111111	0.0877193	0.2162162	0.3546099	0.649635	0.7931034	0.472973	0.92	0.5	0.0	0.0	0.0	1.0	1.0	1.0	1.0	
Eurasian Blackbird	0.5	1.0	1.0	1.0	0.6	1.0	0.0	1.0	0.75	0.3333333	0.6315789	0.8571429	0.7647059	0.64	0.45	0.32	0.2857143	0.3	0.3939394	0.3409091	0.2820513	0.2666667	0.2121212	0.2	0.125	0.1111111	0.0769231	0.0434783	0.0833333	0.037037	0.1111111	0.1186441	0.1111111	0.0877193	0.1486486	0.1205674	0.3649635	0.5747126	0.4864865	0.96	0.5	0.0	0.0	0.0	1.0	1.0	1.0	1.0	
Eyebrowed Thrush	0.0	0.0	0.0	0.0	0.0	0.0	0.0	0.0	0.0	0.0	0.0	0.0	0.0	0.0	0.0	0.0	0.0	0.0	0.0	0.0	0.0	0.0	0.0	0.0	0.0	0.0	0.0	0.0	0.0	0.0	0.0	0.0	0.0	0.0	0.0	0.0	0.0015	0.0015	0.0	0.0	0.0	0.0	0.0	0.0	0.0	0.0	0.0	0.0	
Fieldfare	0.5	1.0	0.5	0.0	0.4	0.6	0.0	0.3333333	0.75	0.1111111	0.2631579	0.5714286	0.4117647	0.4	0.35	0.28	0.0	0.0	0.0	0.0	0.0	0.0	0.0	0.0	0.0	0.0	0.0	0.0	0.0416667	0.037037	0.0015	0.0169492	0.1481481	0.0701754	0.1621622	0.141844	0.2335766	0.4137931	0.2837838	0.8	0.5	0.0	0.0	0.0	1.0	1.0	1.0	1.0	
Ring Ouzel	0.0	0.0	0.0	0.0	0.0	0.0	0.0	0.0	0.0	0.0	0.0	0.0015	0.0015	0.12	0.3	0.24	0.3928571	0.3333333	0.2424242	0.0454545	0.0015	0.0015	0.0015	0.0	0.0	0.0	0.0	0.0	0.0	0.0	0.0	0.0	0.0185185	0.0175439	0.027027	0.0496454	0.1240876	0.2298851	0.1216216	0.16	0.0	0.0	0.0	0.0	0.0	0.0	0.0	0.0	
Black-throated Thrush	0.0	0.0	0.0	0.0	0.0	0.0	0.0	0.0	0.0	0.0	0.0	0.0	0.0	0.0	0.0	0.0015	0.0	0.0	0.0	0.0	0.0	0.0	0.0	0.0	0.0	0.0	0.0	0.0	0.0	0.0	0.0	0.0	0.0	0.0	0.0	0.0	0.0	0.0	0.0	0.0015	0.0	0.0	0.0	0.0	0.0	0.0	0.0	0.0	
Asian Brown Flycatcher	0.0	0.0	0.0	0.0	0.0	0.0	0.0	0.0	0.0	0.0	0.0	0.0	0.0	0.0	0.0	0.0	0.0	0.0	0.0	0.0	0.0	0.0	0.0	0.0	0.0	0.0	0.0	0.0	0.0	0.0	0.0	0.0	0.0	0.0	0.0	0.0015	0.0	0.0	0.0	0.0	0.0	0.0	0.0	0.0	0.0	0.0	0.0	0.0	
Spotted Flycatcher	0.0	0.0	0.0	0.0	0.0	0.0	0.0	0.0	0.0	0.0	0.0	0.0	0.0	0.0	0.0	0.0	0.2142857	0.0333333	0.2727273	0.2272727	0.2051282	0.2666667	0.1515152	0.0015	0.0	0.0	0.0	0.0	0.0	0.0015	0.0015	0.1694915	0.0925926	0.0701754	0.1216216	0.106383	0.0583942	0.0229885	0.0135135	0.0	0.0	0.0	0.0	0.0	0.0	0.0	0.0	0.0	
European Robin	0.0	0.0	0.0	0.0	0.0	0.0	0.0	0.0	0.0	0.3333333	0.2631579	0.6666667	0.5294118	0.36	0.45	0.4	0.5357143	0.3333333	0.2727273	0.3181818	0.1025641	0.2	0.1818182	0.0333333	0.0015	0.0015	0.0769231	0.0	0.0416667	0.1111111	0.1111111	0.1016949	0.1481481	0.0877193	0.1621622	0.2198582	0.3722628	0.5402299	0.2702703	0.88	0.5	0.0	0.0	0.0	1.0	1.0	0.25	0.6	
Rufous-tailed Robin	0.0	0.0	0.0	0.0	0.0	0.0	0.0	0.0	0.0	0.0	0.0	0.0	0.0	0.0	0.0	0.0	0.0	0.0	0.0	0.0	0.0	0.0	0.0	0.0	0.0	0.0	0.0	0.0	0.0	0.0	0.0	0.0	0.0	0.0	0.0	0.0	0.0	0.0	0.0	0.04	0.0	0.0	0.0	0.0	0.0	0.0	0.0	0.0	
Thrush Nightingale	0.0	0.0	0.0	0.0	0.0	0.0	0.0	0.0	0.0	0.0	0.0	0.0	0.0	0.0	0.0	0.0	0.0	0.0666667	0.0606061	0.0015	0.025641	0.0333333	0.0	0.0	0.0	0.0	0.0	0.0	0.0	0.037037	0.0015	0.0	0.0	0.0	0.0	0.0015	0.0	0.0	0.0	0.0	0.0	0.0	0.0	0.0	0.0	0.0	0.0	0.0	
Common Nightingale	0.0	0.0	0.0	0.0	0.0	0.0	0.0	0.0	0.0	0.0	0.0	0.0	0.0	0.0	0.0	0.0	0.0714286	0.1	0.0015	0.0015	0.0	0.0	0.0	0.0	0.0	0.0	0.0	0.0	0.0	0.0	0.0	0.0	0.0	0.0	0.0	0.0	0.0	0.0	0.0	0.0	0.0	0.0	0.0	0.0	0.0	0.0	0.0	0.0	
Bluethroat	0.0	0.0	0.0	0.0	0.0	0.0	0.0	0.0	0.0	0.0	0.0	0.0	0.0	0.0	0.0	0.0015	0.0714286	0.2	0.3030303	0.0909091	0.0512821	0.0333333	0.0015	0.0333333	0.0	0.0	0.0	0.0	0.0	0.0	0.0	0.0	0.0185185	0.0175439	0.1486486	0.0992908	0.0656934	0.1264368	0.0540541	0.16	0.0	0.0	0.0	0.0	0.0	0.0	0.0	0.0	
Siberian Rubythroat	0.0	0.0	0.0	0.0	0.0	0.0	0.0	0.0	0.0	0.0	0.0	0.0	0.0	0.0	0.0	0.0	0.0	0.0	0.0	0.0	0.0	0.0	0.0	0.0	0.0	0.0	0.0	0.0	0.0	0.0	0.0	0.0	0.0	0.0	0.0	0.0	0.0	0.0	0.0135135	0.0015	0.0	0.0	0.0	0.0	0.0	0.0	0.0	0.0	
Red-flanked Bluetail	0.0	0.0	0.0	0.0	0.0	0.0	0.0	0.0	0.0	0.0	0.0	0.0015	0.0	0.0	0.0	0.0	0.0	0.0	0.0	0.0	0.0	0.0	0.0	0.0	0.0	0.0	0.0	0.0	0.0	0.0	0.0	0.0	0.0	0.0	0.0	0.035461	0.0072993	0.0229885	0.027027	0.0	0.0	0.0	0.0	0.0	0.0	0.0	0.0	0.0	
Red-breasted Flycatcher	0.0	0.0	0.0	0.0	0.0	0.0	0.0	0.0	0.0	0.0	0.0	0.0	0.0	0.0	0.0	0.04	0.0	0.0015	0.030303	0.0227273	0.025641	0.0333333	0.0606061	0.0	0.0	0.0	0.0	0.0	0.0	0.0	0.0	0.0	0.0185185	0.0	0.1081081	0.0212766	0.0510949	0.0574713	0.027027	0.0	0.0	0.0	0.0	0.0	0.0	0.0	0.0	0.0	
European Pied Flycatcher	0.0	0.0	0.0	0.0	0.0	0.0	0.0	0.0	0.0	0.0	0.0	0.0	0.0	0.0	0.0	0.0015	0.1428571	0.2666667	0.3636364	0.1363636	0.0769231	0.0333333	0.0909091	0.0	0.0	0.0	0.0	0.0015	0.0	0.0740741	0.0015	0.220339	0.3333333	0.1754386	0.2837838	0.1276596	0.0437956	0.045977	0.027027	0.0	0.0	0.0	0.0	0.0	0.0	0.0	0.0	0.0	
Collared Flycatcher	0.0	0.0	0.0	0.0	0.0	0.0	0.0	0.0	0.0	0.0	0.0	0.0	0.0	0.0	0.0	0.0	0.0	0.0	0.0	0.0015	0.0	0.0015	0.0	0.0	0.0	0.0	0.0	0.0	0.0	0.0	0.0	0.0	0.0	0.0175439	0.0	0.0	0.0	0.0	0.0	0.0	0.0	0.0	0.0	0.0	0.0	0.0	0.0	0.0	
Common Redstart	0.0	0.0	0.0	0.0	0.0	0.0	0.0	0.0	0.0	0.0	0.0	0.0	0.0	0.0015	0.0015	0.04	0.2142857	0.4	0.4242424	0.0454545	0.025641	0.0666667	0.0	0.0	0.0	0.0	0.0	0.0	0.0015	0.0	0.0015	0.0338983	0.1666667	0.1578947	0.2837838	0.2340426	0.1459854	0.1724138	0.0675676	0.0	0.0	0.0	0.0	0.0	0.0	0.0	0.0	0.0	
Black Redstart	0.0	0.0	0.0	0.0	0.0	0.0	0.0	0.0	0.0	0.0	0.0	0.0015	0.0015	0.08	0.15	0.12	0.0357143	0.0333333	0.030303	0.0227273	0.025641	0.1333333	0.0	0.0	0.0	0.0	0.0	0.0	0.0416667	0.037037	0.0	0.0508475	0.0015	0.0350877	0.0015	0.0212766	0.0291971	0.0344828	0.0810811	0.08	0.0015	0.0015	0.0	0.0	0.0	0.0	0.0	0.0	
Whinchat	0.0	0.0	0.0	0.0	0.0	0.0	0.0	0.0	0.0	0.0	0.0	0.0	0.0	0.0	0.0	0.0015	0.25	0.4	0.3333333	0.0227273	0.0512821	0.1333333	0.030303	0.0	0.0	0.0	0.0	0.0	0.0	0.037037	0.2777778	0.2033898	0.4814815	0.4385965	0.527027	0.5106383	0.459854	0.2298851	0.0675676	0.2	0.0	0.0	0.0	0.0	0.0	0.0	0.0	0.0	
European Stonechat	0.0	0.0	0.0	0.0	0.0	0.0	0.0	0.3333333	0.0	0.6666667	0.3157895	0.3809524	0.3529412	0.12	0.1	0.08	0.0357143	0.0333333	0.030303	0.0227273	0.0015	0.0333333	0.030303	0.0015	0.0	0.0	0.0	0.0	0.0	0.0	0.0	0.0	0.0	0.0	0.0135135	0.0283688	0.0583942	0.0229885	0.027027	0.0	0.0	0.0	0.0	0.0	0.0	0.0	0.0	0.0	
Siberian Stonechat	0.0	0.0	0.0	0.0	0.0	0.0	0.0	0.0	0.0	0.0	0.0	0.0	0.0	0.0	0.0	0.08	0.0	0.0	0.0015	0.0015	0.0	0.0	0.0	0.0	0.0	0.0	0.0	0.0	0.0	0.0	0.0	0.0	0.0	0.0	0.0	0.0212766	0.0437956	0.0015	0.0	0.0015	0.0	0.0	0.0	0.0	0.0	0.0	0.0	0.0	
Amur Stonechat	0.0	0.0	0.0	0.0	0.0	0.0	0.0	0.0	0.0	0.0	0.0	0.0	0.0	0.0	0.0	0.0	0.0	0.0	0.0	0.0	0.0	0.0	0.0	0.0	0.0	0.0	0.0	0.0	0.0	0.0	0.0	0.0	0.0	0.0	0.0	0.0	0.0	0.0344828	0.0	0.0	0.0	0.0	0.0	0.0	0.0	0.0	0.0	0.0	
Siberian/Amur Stonechat	0.0	0.0	0.0	0.0	0.0	0.0	0.0	0.0	0.0	0.0	0.0	0.0	0.0	0.0	0.0	0.0	0.0	0.0	0.0	0.0	0.0	0.0	0.0	0.0	0.0	0.0	0.0	0.0	0.0	0.0	0.0	0.0	0.0	0.0	0.0	0.0015	0.0	0.0114943	0.0015	0.0	0.0015	0.0	0.0	0.0	0.0	0.0	0.0	0.0	
Northern Wheatear	0.0	0.0	0.0	0.0	0.0	0.0	0.0	0.0	0.0	0.0	0.0526316	0.0952381	0.3529412	0.48	0.55	0.56	0.6428571	0.6333333	0.8181818	0.6818182	0.6153846	0.7333333	0.7878788	0.6333333	1.0	0.7222222	1.0	0.6521739	0.7083333	0.7037037	0.7222222	0.7457627	0.7962963	0.5087719	0.5540541	0.4893617	0.4744526	0.4942529	0.2297297	0.16	0.0015	0.0	0.0	0.0	0.0	0.0	0.0	0.0	
Eastern Black-eared Wheatear	0.0	0.0	0.0	0.0	0.0	0.0	0.0	0.0	0.0	0.0	0.0	0.0	0.0	0.0	0.0	0.0	0.0	0.0	0.0	0.0	0.0	0.0	0.0	0.0	0.0	0.0	0.0015	0.0	0.0	0.0	0.0	0.0	0.0	0.0	0.0	0.0	0.0	0.0	0.0	0.0	0.0	0.0	0.0	0.0	0.0	0.0	0.0	0.0	
Pied Wheatear	0.0	0.0	0.0	0.0	0.0	0.0	0.0	0.0	0.0	0.0	0.0	0.0	0.0	0.0	0.0	0.0	0.0	0.0	0.0	0.0	0.0	0.0	0.0	0.0	0.0	0.0	0.0	0.0	0.0	0.0	0.0	0.0	0.0	0.0	0.0	0.0	0.0	0.0114943	0.0	0.0	0.0	0.0	0.0	0.0	0.0	0.0	0.0	0.0	
Bohemian Waxwing	0.0	0.0	0.0	0.0	0.0	0.0	0.0	0.0	0.0	0.0	0.0	0.0	0.0	0.0015	0.0015	0.0015	0.0015	0.0	0.0	0.0	0.0	0.0	0.0015	0.0	0.0	0.0	0.0	0.0	0.0	0.0	0.0	0.0	0.0	0.0	0.0	0.0	0.0072993	0.0344828	0.0405405	0.2	0.0015	0.0	0.0	0.0	0.0	0.0	0.0	0.0	
Siberian Accentor	0.0	0.0	0.0	0.0	0.0	0.0	0.0	0.0	0.0	0.0	0.0	0.0	0.0	0.0	0.0	0.0	0.0	0.0	0.0	0.0	0.0	0.0	0.0	0.0	0.0	0.0	0.0	0.0	0.0	0.0	0.0	0.0	0.0	0.0	0.0	0.0	0.0	0.0	0.0	0.0015	0.0	0.0	0.0	0.0	0.0	0.0	0.0	0.0	
Dunnock	0.0	0.0	0.0	0.0	0.0	0.0	0.0	0.0	0.0	0.1111111	0.0015	0.1904762	0.2941176	0.16	0.45	0.32	0.3571429	0.1	0.0606061	0.1363636	0.0769231	0.1333333	0.0909091	0.0	0.125	0.0	0.0	0.0	0.0015	0.0	0.0	0.0169492	0.0015	0.0175439	0.0810811	0.106383	0.1532847	0.1034483	0.0405405	0.12	0.0	0.0	0.0	0.0	0.0	0.0	0.0	0.0	
House Sparrow	1.0	1.0	0.5	1.0	0.6	1.0	0.0	0.6666667	1.0	0.6666667	0.5789474	0.952381	0.7647059	0.48	0.45	0.36	0.5357143	0.5	0.6060606	0.5	0.5384615	0.7666667	0.7575758	0.6666667	1.0	0.8333333	0.8461538	0.6086957	0.6666667	0.7037037	0.6666667	0.5762712	0.6111111	0.4385965	0.3378378	0.4255319	0.5547445	0.6551724	0.4189189	0.76	0.0015	0.0	0.0	0.0	1.0	1.0	0.75	0.8	
Eurasian Tree Sparrow	0.0	0.0	0.0	0.0	0.0	0.0	0.0	0.0	0.0	0.0	0.0	0.0	0.0	0.0	0.0	0.04	0.0714286	0.1	0.1212121	0.0681818	0.0015	0.0333333	0.030303	0.0	0.0	0.0	0.0	0.0	0.0015	0.0015	0.0015	0.0169492	0.037037	0.0877193	0.0540541	0.035461	0.0145985	0.0	0.0540541	0.0	0.0	0.0	0.0	0.0	0.0	0.0	0.0	0.0	
Grey Wagtail	0.0	0.0	0.0	0.0	0.0	0.0	0.0	0.0	0.0	0.0	0.0	0.2380952	0.0588235	0.0015	0.05	0.04	0.0015	0.0333333	0.0015	0.0454545	0.0015	0.0015	0.0015	0.0	0.0	0.0	0.0	0.0	0.0	0.0	0.0	0.0338983	0.0185185	0.0175439	0.0135135	0.0992908	0.189781	0.2183908	0.0540541	0.2	0.0015	0.0	0.0	0.0	0.0	0.0	0.0	0.0	
Western Yellow Wagtail	0.0	0.0	0.0	0.0	0.0	0.0	0.0	0.0	0.0	0.0	0.0	0.0	0.0	0.0	0.0	0.04	0.0357143	0.0333333	0.2424242	0.0227273	0.025641	0.0015	0.030303	0.0	0.0	0.0	0.0	0.0	0.0	0.0015	0.0015	0.0015	0.0925926	0.0877193	0.0135135	0.035461	0.0364964	0.0114943	0.027027	0.08	0.0	0.0	0.0	0.0	0.0	0.0	0.0	0.0	
Eastern Yellow Wagtail	0.0	0.0	0.0	0.0	0.0	0.0	0.0	0.0	0.0	0.0	0.0	0.0	0.0	0.0	0.0	0.0	0.0	0.0	0.0	0.0	0.0	0.0	0.0	0.0	0.0	0.0	0.0	0.0	0.0	0.0	0.0	0.0169492	0.0	0.0	0.0	0.0	0.0145985	0.0	0.0	0.0	0.0	0.0	0.0	0.0	0.0	0.0	0.0	0.0	
Western/Eastern Yellow Wagtail	0.0	0.0	0.0	0.0	0.0	0.0	0.0	0.0	0.0	0.0	0.0	0.0	0.0	0.0	0.0	0.0	0.0	0.0	0.0	0.0	0.0	0.0	0.0	0.0	0.0	0.0	0.0	0.0	0.0	0.0	0.0	0.0	0.0	0.0	0.0	0.0	0.0015	0.0	0.0	0.0	0.0	0.0	0.0	0.0	0.0	0.0	0.0	0.0	
Citrine Wagtail	0.0	0.0	0.0	0.0	0.0	0.0	0.0	0.0	0.0	0.0	0.0	0.0	0.0	0.0	0.0	0.0	0.0	0.0333333	0.030303	0.0015	0.0	0.0333333	0.030303	0.0	0.0	0.0	0.0	0.0	0.0	0.0015	0.0015	0.0169492	0.0555556	0.1578947	0.0135135	0.0070922	0.0072993	0.0	0.0	0.0	0.0	0.0	0.0	0.0	0.0	0.0	0.0	0.0	
Pied Wagtail/White Wagtail	0.0	0.0	0.0	0.0	0.0	0.0	0.0	0.3333333	0.0	0.1111111	0.0526316	0.6666667	0.6470588	0.44	0.45	0.32	0.3214286	0.4666667	0.5454545	0.4545455	0.3589744	0.4333333	0.4848485	0.2666667	0.625	0.6666667	0.3846154	0.2608696	0.375	0.4814815	0.7222222	0.6610169	0.7222222	0.5087719	0.3378378	0.4042553	0.540146	0.3333333	0.1081081	0.0015	0.0015	0.0	0.0	0.0	0.0	0.0	0.0	0.0	
Richard's Pipit	0.0	0.0	0.0	0.0	0.0	0.0	0.0	0.0	0.0	0.0	0.0	0.0	0.0	0.0	0.0	0.0	0.0	0.0015	0.0015	0.0	0.0	0.0	0.0	0.0	0.0	0.0	0.0	0.0	0.0	0.0	0.0	0.0	0.0	0.0015	0.0405405	0.0921986	0.0218978	0.0015	0.0405405	0.0015	0.0	0.0	0.0	0.0	0.0	0.0	0.0	0.0	
Blyth's Pipit	0.0	0.0	0.0	0.0	0.0	0.0	0.0	0.0	0.0	0.0	0.0	0.0	0.0	0.0	0.0	0.0	0.0	0.0	0.0	0.0	0.0	0.0	0.0	0.0	0.0	0.0	0.0	0.0	0.0	0.0	0.0	0.0	0.0	0.0	0.0	0.0	0.0	0.0229885	0.0675676	0.0015	0.0	0.0	0.0	0.0	0.0	0.0	0.0	0.0	
Tawny Pipit	0.0	0.0	0.0	0.0	0.0	0.0	0.0	0.0	0.0	0.0	0.0	0.0	0.0	0.0	0.0	0.0	0.0	0.0	0.030303	0.0227273	0.0	0.0	0.0	0.0	0.0	0.0	0.0	0.0	0.0	0.0	0.0	0.0	0.0	0.0	0.0	0.0	0.0	0.0	0.0	0.0	0.0	0.0	0.0	0.0	0.0	0.0	0.0	0.0	
Meadow Pipit	0.0	0.0	0.0	0.0	0.0	0.0	0.0	0.0	0.25	0.4444444	0.2631579	0.9047619	0.9411765	0.72	0.45	0.4	0.5714286	0.5333333	0.6363636	0.5454545	0.6410256	0.7333333	0.7575758	0.6333333	1.0	0.8333333	0.8461538	0.5217391	0.7083333	0.7037037	0.7222222	0.6271186	0.7962963	0.5087719	0.5	0.4680851	0.6788321	0.6666667	0.472973	0.92	0.5	0.0	0.0	0.0	1.0	0.0	0.0	0.0	
Tree Pipit	0.0	0.0	0.0	0.0	0.0	0.0	0.0	0.0	0.0	0.0	0.0	0.0	0.0	0.0	0.0015	0.24	0.3571429	0.3333333	0.5757576	0.1136364	0.0015	0.0	0.0	0.0	0.0	0.0	0.0	0.0	0.0	0.0	0.0015	0.0677966	0.2407407	0.1403509	0.1216216	0.1843972	0.1094891	0.045977	0.0540541	0.0	0.0	0.0	0.0	0.0	0.0	0.0	0.0	0.0	
Olive-backed Pipit	0.0	0.0	0.0	0.0	0.0	0.0	0.0	0.0	0.0	0.0	0.0	0.0	0.0	0.0	0.0	0.0	0.0	0.0	0.0	0.0	0.0	0.0	0.0	0.0	0.0	0.0	0.0	0.0	0.0	0.0	0.0	0.0	0.0	0.0	0.0	0.0212766	0.0656934	0.0229885	0.027027	0.0015	0.0	0.0	0.0	0.0	0.0	0.0	0.0	0.0	
Pechora Pipit	0.0	0.0	0.0	0.0	0.0	0.0	0.0	0.0	0.0	0.0	0.0	0.0	0.0	0.0	0.0	0.0	0.0	0.0	0.0	0.0	0.0	0.0	0.0	0.0	0.0	0.0	0.0	0.0	0.0	0.0	0.0	0.0	0.0	0.0015	0.0405405	0.0212766	0.0437956	0.0114943	0.027027	0.0	0.0	0.0	0.0	0.0	0.0	0.0	0.0	0.0	
Red-throated Pipit	0.0	0.0	0.0	0.0	0.0	0.0	0.0	0.0	0.0	0.0	0.0	0.0	0.0	0.0	0.0	0.0	0.0	0.1	0.0015	0.0227273	0.0	0.0	0.0	0.0	0.0	0.0	0.0	0.0	0.0	0.0	0.0	0.0	0.0	0.0015	0.0015	0.0015	0.0015	0.0344828	0.0015	0.0	0.0	0.0	0.0	0.0	0.0	0.0	0.0	0.0	
Rock Pipit	0.0	0.0	0.0	0.0	0.2	0.4	0.0	0.3333333	0.0	0.1111111	0.5789474	0.9047619	0.6470588	0.52	0.35	0.36	0.4285714	0.5	0.5757576	0.5	0.6923077	0.6333333	0.7575758	0.6666667	1.0	0.7777778	0.9230769	0.6086957	0.7083333	0.7037037	0.6666667	0.5762712	0.6666667	0.5087719	0.4054054	0.4326241	0.6131387	0.6321839	0.3918919	0.76	1.0	0.0	0.0	0.0	0.0015	1.0	0.5	1.0	
Buff-bellied Pipit	0.0	0.0	0.0	0.0	0.0	0.0	0.0	0.0	0.0	0.0	0.0	0.0	0.0	0.0	0.0	0.0	0.0	0.0	0.0	0.0	0.0	0.0	0.0	0.0	0.0	0.0	0.0	0.0	0.0	0.0	0.0	0.0	0.0	0.0	0.0015	0.0015	0.0015	0.0574713	0.0	0.04	0.0	0.0	0.0	0.0	0.0	0.0	0.0	0.0	
pipit sp.	0.0	0.0	0.0	0.0	0.0	0.0	0.0	0.0	0.0	0.0	0.0	0.0	0.0	0.0	0.0	0.0	0.0	0.0	0.0	0.0	0.0	0.0	0.0	0.0	0.0	0.0	0.0	0.0	0.0	0.0	0.0	0.0	0.0	0.0	0.0015	0.0	0.0	0.0	0.0	0.0	0.0	0.0	0.0	0.0	0.0	0.0	0.0	0.0	
Common Chaffinch	0.0	0.0	0.0	0.0	0.0	0.0	0.0	0.0	0.0	0.1111111	0.1578947	0.7142857	0.7058824	0.52	0.45	0.24	0.2857143	0.3333333	0.2424242	0.1818182	0.0512821	0.0	0.0015	0.0	0.0015	0.0015	0.0	0.0	0.0	0.0	0.0	0.0169492	0.0015	0.0175439	0.2027027	0.248227	0.3868613	0.5172414	0.3108108	0.6	0.0015	0.0	0.0	0.0	0.0	0.0	0.0	0.0	
Brambling	0.0	0.0	0.0	0.0	0.0	0.0	0.0	0.0	0.0	0.0	0.0	0.0952381	0.1764706	0.12	0.4	0.28	0.0	0.0	0.0	0.0	0.0	0.0	0.0	0.0	0.0	0.0	0.0	0.0	0.0	0.0	0.0	0.0	0.0015	0.0175439	0.2162162	0.2624113	0.3722628	0.5057471	0.3513514	0.72	0.0015	0.0	0.0	0.0	0.0	0.0	0.0	0.0	
Hawfinch	0.0	0.0	0.0	0.0	0.0	0.0	0.0	0.0	0.0	0.0	0.0	0.0952381	0.0588235	0.0015	0.05	0.04	0.0015	0.1333333	0.0	0.0227273	0.0	0.0015	0.0	0.0	0.0	0.0	0.0	0.0015	0.0	0.037037	0.0	0.0	0.0	0.0	0.0135135	0.0015	0.0	0.045977	0.0540541	0.04	0.0	0.0	0.0	0.0	0.0	0.0	0.0	0.0	
Common Rosefinch	0.0	0.0	0.0	0.0	0.0	0.0	0.0	0.0	0.0	0.0	0.0	0.0	0.0	0.0	0.0	0.0	0.0714286	0.0	0.030303	0.0681818	0.2051282	0.0	0.0	0.0015	0.0015	0.0555556	0.0015	0.0434783	0.0833333	0.0015	0.1111111	0.2372881	0.1666667	0.1754386	0.2297297	0.212766	0.1021898	0.0344828	0.027027	0.0	0.0	0.0	0.0	0.0	0.0	0.0	0.0	0.0	
Eurasian Bullfinch	0.0	0.0	0.0	0.0	0.0	0.0	0.0	0.0	0.0	0.0	0.0	0.0	0.0	0.0	0.0	0.0	0.0	0.0	0.0015	0.0	0.0	0.0	0.0	0.0	0.0	0.0	0.0	0.0	0.0	0.0	0.0	0.0	0.0	0.0	0.0	0.0	0.0072993	0.0015	0.0135135	0.2	0.0015	0.0	0.0	0.0	0.0	0.0	0.0	0.0	
European Greenfinch	0.0	0.0	0.0	0.0	0.0	0.0	0.0	0.0	0.0	0.0	0.0	0.0952381	0.1176471	0.04	0.05	0.0015	0.0015	0.0	0.0909091	0.0015	0.0	0.0333333	0.0	0.0333333	0.0015	0.0	0.0	0.0	0.0	0.0	0.0	0.0	0.0	0.0	0.0	0.0015	0.0218978	0.0344828	0.027027	0.04	0.0015	0.0	0.0	0.0	0.0	0.0	0.0	0.0	
Twite	0.0	0.0	0.0	0.0	0.0	0.0	0.0	0.0	0.0	0.2222222	0.3157895	0.5238095	0.5294118	0.4	0.4	0.32	0.4285714	0.6	0.6969697	0.5227273	0.5384615	0.6333333	0.7272727	0.5	0.875	0.5555556	0.7692308	0.4782609	0.5416667	0.6666667	0.7222222	0.6949153	0.7592593	0.5614035	0.472973	0.5248227	0.620438	0.6781609	0.4594595	0.88	0.5	0.0	0.0	0.0	1.0	0.0	0.0	0.0	
Common Linnet	0.0	0.0	0.0	0.0	0.0	0.0	0.0	0.0	0.0	0.0	0.0	0.047619	0.1764706	0.0015	0.2	0.32	0.2857143	0.3333333	0.1818182	0.2045455	0.0769231	0.2333333	0.3333333	0.2666667	0.375	0.2222222	0.1538462	0.0869565	0.0833333	0.0740741	0.1666667	0.0847458	0.037037	0.0175439	0.027027	0.1134752	0.080292	0.0689655	0.0540541	0.12	0.0	0.0	0.0	0.0	0.0	0.0	0.0	0.0	
Redpoll	0.0	0.0	0.0	0.0	0.0	0.0	0.0	0.0	0.0	0.0	0.0526316	0.0	0.0588235	0.0015	0.15	0.2	0.2857143	0.1333333	0.2424242	0.1818182	0.0769231	0.2666667	0.1212121	0.0666667	0.5	0.2222222	0.0769231	0.1304348	0.0833333	0.037037	0.0555556	0.0847458	0.0925926	0.0877193	0.1081081	0.2553191	0.350365	0.3793103	0.1621622	0.28	0.0015	0.0	0.0	0.0	0.0	0.0	0.0	0.0	
Parrot Crossbill	0.0	0.0	0.0	0.0	0.0	0.0	0.0	0.0	0.0	0.0	0.0	0.0	0.0	0.0	0.0	0.0	0.0	0.0	0.0	0.0	0.0	0.0	0.0	0.0	0.0	0.0	0.0	0.0	0.0	0.0	0.0	0.0	0.0	0.0	0.0	0.0070922	0.0	0.0015	0.0	0.0	0.0	0.0	0.0	0.0	0.0	0.0	0.0	0.0	
Common Crossbill	0.0	0.0	0.0	0.0	0.0	0.0	0.0	0.0	0.0	0.0	0.0	0.0	0.0	0.0	0.0015	0.0015	0.0	0.0015	0.0015	0.0227273	0.0512821	0.2333333	0.2727273	0.3333333	0.375	0.1666667	0.3846154	0.173913	0.25	0.4444444	0.2777778	0.220339	0.0185185	0.0015	0.027027	0.035461	0.0145985	0.0015	0.0135135	0.0	0.0	0.0	0.0	0.0	0.0	0.0	0.0	0.0	
Two-barred Crossbill	0.0	0.0	0.0	0.0	0.0	0.0	0.0	0.0	0.0	0.0	0.0	0.0	0.0	0.0	0.0	0.0	0.0	0.0	0.0	0.0	0.0	0.0	0.0	0.0	0.0	0.0015	0.0	0.0434783	0.0015	0.0015	0.0555556	0.0169492	0.0015	0.0	0.0	0.0	0.0	0.0	0.0	0.0	0.0	0.0	0.0	0.0	0.0	0.0	0.0	0.0	
European Goldfinch	0.0	0.0	0.0	0.0	0.0	0.0	0.0	0.0	0.0	0.0	0.0	0.0	0.0	0.04	0.05	0.0015	0.1071429	0.1333333	0.030303	0.0015	0.025641	0.0	0.0	0.0	0.0	0.0	0.0	0.0	0.0	0.0	0.0	0.0	0.0	0.0	0.0015	0.0141844	0.0218978	0.0114943	0.0405405	0.04	0.5	0.0	0.0	0.0	0.0	0.0	0.0	0.0	
Citril Finch	0.0	0.0	0.0	0.0	0.0	0.0	0.0	0.0	0.0	0.0	0.0	0.0	0.0	0.0	0.0	0.0	0.0	0.0	0.0	0.0	0.0015	0.0015	0.0	0.0	0.0	0.0	0.0	0.0	0.0	0.0	0.0	0.0	0.0	0.0	0.0	0.0	0.0	0.0	0.0	0.0	0.0	0.0	0.0	0.0	0.0	0.0	0.0	0.0	
European Serin	0.0	0.0	0.0	0.0	0.0	0.0	0.0	0.0	0.0	0.0	0.0	0.0	0.0	0.0	0.0	0.0	0.0	0.0	0.0	0.0	0.0	0.0	0.0015	0.0	0.0	0.0	0.0	0.0	0.0	0.0	0.0	0.0	0.0	0.0	0.0	0.0	0.0	0.0	0.0	0.0	0.0	0.0	0.0	0.0	0.0	0.0	0.0	0.0	
Eurasian Siskin	0.0	0.0	0.0	0.0	0.0	0.0	0.0	0.0	0.0	0.0	0.0015	0.0952381	0.0015	0.0015	0.3	0.04	0.25	0.2	0.2727273	0.1136364	0.025641	0.1333333	0.0606061	0.1	0.125	0.0555556	0.0769231	0.0434783	0.0833333	0.0	0.0	0.0	0.0555556	0.0877193	0.2297297	0.2269504	0.2992701	0.4137931	0.1351351	0.16	0.5	0.0	0.0	0.0	0.0	0.0	0.0	0.0	
Lapland Bunting	0.0	0.0	0.0	0.0	0.0	0.0	0.0	0.0	0.0	0.0	0.0	0.047619	0.0015	0.0015	0.05	0.08	0.0	0.0015	0.030303	0.0015	0.0015	0.0	0.0	0.0	0.0	0.0	0.0	0.0	0.0	0.0	0.0	0.0338983	0.0925926	0.245614	0.2702703	0.4113475	0.3284672	0.3448276	0.1486486	0.12	0.0015	0.0	0.0	0.0	0.0	0.0	0.0	0.0	
Snow Bunting	0.0	0.0	0.0	0.0	0.0	0.0	0.0	0.0	0.25	0.1111111	0.2631579	0.1428571	0.2352941	0.12	0.15	0.12	0.0357143	0.1	0.1818182	0.0227273	0.0015	0.0	0.030303	0.0015	0.0	0.0	0.0	0.0	0.0	0.0	0.0	0.0	0.0185185	0.1403509	0.2027027	0.2836879	0.2773723	0.5287356	0.2837838	0.44	0.5	0.0	0.0	0.0	0.0	1.0	0.25	0.0	
Black-headed Bunting	0.0	0.0	0.0	0.0	0.0	0.0	0.0	0.0	0.0	0.0	0.0	0.0	0.0	0.0	0.0	0.0	0.0	0.0	0.0	0.0015	0.0015	0.0	0.0	0.0	0.0	0.0	0.0	0.0	0.0	0.0	0.0	0.0	0.0	0.0	0.0	0.0015	0.0145985	0.0015	0.0	0.0	0.0	0.0	0.0	0.0	0.0	0.0	0.0	0.0	
Red-headed Bunting	0.0	0.0	0.0	0.0	0.0	0.0	0.0	0.0	0.0	0.0	0.0	0.0	0.0	0.0	0.0	0.0	0.0	0.0	0.0	0.0	0.0	0.0	0.0	0.0	0.0	0.0	0.0	0.0	0.0	0.0	0.0	0.0	0.0	0.0	0.0	0.0212766	0.0072993	0.0	0.0	0.0	0.0	0.0	0.0	0.0	0.0	0.0	0.0	0.0	
Corn Bunting	0.0	0.0	0.0	0.0	0.0	0.0	0.0	0.0	0.0	0.0	0.0	0.0	0.0	0.0	0.0	0.0	0.0	0.0	0.0015	0.0	0.0	0.0015	0.0	0.0	0.0	0.0	0.0	0.0	0.0	0.0	0.0	0.0	0.0	0.0	0.0	0.0	0.0	0.0	0.0	0.0	0.0	0.0	0.0	0.0	0.0	0.0	0.0	0.0	
Chestnut-eared Bunting	0.0	0.0	0.0	0.0	0.0	0.0	0.0	0.0	0.0	0.0	0.0	0.0	0.0	0.0	0.0	0.0	0.0	0.0	0.0	0.0	0.0	0.0	0.0	0.0	0.0	0.0	0.0	0.0	0.0	0.0	0.0	0.0	0.0	0.0	0.0	0.0	0.0	0.0	0.0015	0.0	0.0	0.0	0.0	0.0	0.0	0.0	0.0	0.0	
Yellowhammer	0.0	0.0	0.0	0.0	0.0	0.0	0.0	0.0	0.0	0.0	0.0	0.047619	0.0015	0.0015	0.0	0.0015	0.0357143	0.0	0.0606061	0.0015	0.0	0.0333333	0.0	0.0	0.0	0.0	0.0	0.0	0.0	0.0	0.0	0.0	0.0	0.0	0.0015	0.0	0.0072993	0.045977	0.1081081	0.2	0.0015	0.0	0.0	0.0	0.0	0.0	0.0	0.0	
Pine Bunting	0.0	0.0	0.0	0.0	0.0	0.0	0.0	0.0	0.0	0.0	0.0	0.0	0.0	0.0	0.0	0.0	0.0	0.0	0.0	0.0	0.0	0.0	0.0	0.0	0.0	0.0	0.0	0.0	0.0	0.0	0.0	0.0	0.0	0.0	0.0	0.0	0.0	0.0015	0.0015	0.04	0.0	0.0	0.0	0.0	0.0	0.0	0.0	0.0	
Ortolan Bunting	0.0	0.0	0.0	0.0	0.0	0.0	0.0	0.0	0.0	0.0	0.0	0.0	0.0	0.0	0.0	0.0	0.0	0.0333333	0.0909091	0.0227273	0.0015	0.0	0.0	0.0	0.0	0.0	0.0	0.0	0.0	0.0	0.0	0.0015	0.0555556	0.0350877	0.0015	0.0283688	0.0072993	0.0344828	0.0015	0.0	0.0	0.0	0.0	0.0	0.0	0.0	0.0	0.0	
Cretzschmar's Bunting	0.0	0.0	0.0	0.0	0.0	0.0	0.0	0.0	0.0	0.0	0.0	0.0	0.0	0.0	0.0	0.04	0.0	0.0	0.0	0.0	0.0	0.0	0.0	0.0	0.0	0.0	0.0	0.0	0.0	0.0	0.0	0.0	0.0	0.0	0.0	0.0	0.0	0.0	0.0	0.0	0.0	0.0	0.0	0.0	0.0	0.0	0.0	0.0	
Common Reed Bunting	0.0	0.0	0.0	0.0	0.0	0.0	0.0	0.3333333	0.0	0.0	0.0	0.0952381	0.1176471	0.08	0.1	0.16	0.2142857	0.2333333	0.4545455	0.0909091	0.025641	0.0	0.0	0.0	0.0	0.0	0.0	0.0	0.0	0.0	0.0	0.0	0.0	0.0015	0.0540541	0.1134752	0.189781	0.2413793	0.0675676	0.24	0.0015	0.0	0.0	0.0	0.0	0.0	0.0	0.0	
Yellow-breasted Bunting	0.0	0.0	0.0	0.0	0.0	0.0	0.0	0.0	0.0	0.0	0.0	0.0	0.0	0.0	0.0	0.0	0.0	0.0	0.0	0.0	0.0	0.0	0.0	0.0	0.0	0.0	0.0	0.0	0.0	0.0	0.0	0.0338983	0.0185185	0.1578947	0.0540541	0.0015	0.0015	0.0	0.0	0.0	0.0	0.0	0.0	0.0	0.0	0.0	0.0	0.0	
Little Bunting	0.0	0.0	0.0	0.0	0.0	0.0	0.0	0.0	0.0	0.0	0.0	0.0	0.0	0.0	0.0	0.08	0.0714286	0.0666667	0.0606061	0.0	0.0	0.0	0.0	0.0	0.0	0.0	0.0	0.0	0.0	0.0	0.0	0.0	0.0	0.1052632	0.1621622	0.1631206	0.189781	0.1034483	0.0540541	0.16	0.0	0.0	0.0	0.0	1.0	0.0	0.0	0.0	
Rustic Bunting	0.0	0.0	0.0	0.0	0.0	0.0	0.0	0.0	0.0	0.0	0.0	0.0	0.0	0.0	0.0	0.0	0.0	0.0	0.030303	0.0454545	0.0512821	0.0015	0.030303	0.0	0.0	0.0	0.0	0.0	0.0	0.0	0.0	0.0	0.0	0.0	0.0015	0.0212766	0.0291971	0.0229885	0.0	0.0	0.0	0.0	0.0	0.0	0.0	0.0	0.0	0.0	
White-throated Sparrow	0.0	0.0	0.0	0.0	0.0	0.0	0.0	0.0	0.0	0.0	0.0	0.0	0.0	0.0	0.0	0.0	0.0	0.0	0.0015	0.0	0.0	0.0015	0.0	0.0	0.0	0.0	0.0	0.0	0.0	0.0	0.0	0.0	0.0	0.0	0.0	0.0	0.0	0.0	0.0	0.0	0.0	0.0	0.0	0.0	0.0	0.0	0.0	0.0	
Savannah Sparrow	0.0	0.0	0.0	0.0	0.0	0.0	0.0	0.0	0.0	0.0	0.0	0.0	0.0	0.0	0.0	0.0	0.0	0.0	0.0	0.0	0.0	0.0	0.0	0.0	0.0	0.0	0.0	0.0	0.0	0.0	0.0	0.0	0.0	0.0	0.0	0.0070922	0.0072993	0.0015	0.0135135	0.0	0.0	0.0	0.0	0.0	0.0	0.0	0.0	0.0	
Song Sparrow	0.0	0.0	0.0	0.0	0.0	0.0	0.0	0.0	0.0	0.0	0.0	0.0	0.0	0.08	0.2	0.16	0.0	0.0	0.030303	0.0	0.0	0.0	0.0	0.0	0.0	0.0	0.0	0.0	0.0	0.0	0.0	0.0	0.0	0.0	0.0	0.0	0.0	0.0	0.0	0.0	0.0	0.0	0.0	0.0	0.0	0.0	0.0	0.0	
Yellow-headed Blackbird	0.0	0.0	0.0	0.0	0.0	0.0	0.0	0.0	0.0	0.0	0.0	0.0	0.0	0.0	0.0	0.04	0.0	0.0	0.0	0.0	0.0	0.0	0.0	0.0	0.0	0.0	0.0	0.0	0.0	0.0	0.0	0.0	0.0	0.0	0.0	0.0	0.0	0.0	0.0	0.0	0.0	0.0	0.0	0.0	0.0	0.0	0.0	0.0	
Brown-headed Cowbird	0.0	0.0	0.0	0.0	0.0	0.0	0.0	0.0	0.0	0.0	0.0	0.0	0.0	0.0	0.0	0.0	0.0	0.0015	0.0	0.0	0.0	0.0	0.0	0.0	0.0	0.0	0.0	0.0	0.0	0.0	0.0	0.0	0.0	0.0	0.0	0.0	0.0	0.0	0.0	0.0	0.0	0.0	0.0	0.0	0.0	0.0	0.0	0.0	
Tennessee Warbler	0.0	0.0	0.0	0.0	0.0	0.0	0.0	0.0	0.0	0.0	0.0	0.0	0.0	0.0	0.0	0.0	0.0	0.0	0.0	0.0	0.0	0.0	0.0	0.0	0.0	0.0	0.0	0.0	0.0	0.0	0.0	0.0	0.0015	0.0015	0.027027	0.0070922	0.0	0.0	0.0	0.0	0.0	0.0	0.0	0.0	0.0	0.0	0.0	0.0	
Blackburnian Warbler	0.0	0.0	0.0	0.0	0.0	0.0	0.0	0.0	0.0	0.0	0.0	0.0	0.0	0.0	0.0	0.0	0.0	0.0	0.0	0.0	0.0	0.0	0.0	0.0	0.0	0.0	0.0	0.0	0.0	0.0	0.0	0.0	0.0	0.0	0.0	0.0	0.0145985	0.0	0.0	0.0	0.0	0.0	0.0	0.0	0.0	0.0	0.0	0.0	
Blackpoll Warbler	0.0	0.0	0.0	0.0	0.0	0.0	0.0	0.0	0.0	0.0	0.0	0.0	0.0	0.0	0.0	0.0	0.0	0.0	0.0	0.0	0.0	0.0	0.0	0.0	0.0	0.0	0.0	0.0	0.0	0.0	0.0	0.0	0.0	0.0	0.0	0.0015	0.0	0.0	0.0015	0.0	0.0	0.0	0.0	0.0	0.0	0.0	0.0	0.0	


